,Player ID,Player,Points
0,201935,James Harden,2398.0
1,201935,James Harden,2398.0
2,201935,James Harden,2398.0
3,201935,James Harden,2398.0
4,201935,James Harden,2398.0
5,201935,James Harden,2398.0
6,201935,James Harden,2398.0
7,201935,James Harden,2398.0
8,201935,James Harden,2398.0
9,201935,James Harden,2398.0
10,201935,James Harden,2398.0
11,201935,James Harden,2398.0
12,203081,Damian Lillard,1982.0
13,203081,Damian Lillard,1982.0
14,203081,Damian Lillard,1982.0
15,203081,Damian Lillard,1982.0
16,203081,Damian Lillard,1982.0
17,203081,Damian Lillard,1982.0
18,203081,Damian Lillard,1982.0
19,203081,Damian Lillard,1982.0
20,203507,Giannis Antetokounmpo,1924.0
21,203507,Giannis Antetokounmpo,1924.0
22,203507,Giannis Antetokounmpo,1924.0
23,203507,Giannis Antetokounmpo,1924.0
24,203507,Giannis Antetokounmpo,1924.0
25,203507,Giannis Antetokounmpo,1924.0
26,203507,Giannis Antetokounmpo,1924.0
27,1626164,Devin Booker,1902.0
28,1626164,Devin Booker,1902.0
29,1626164,Devin Booker,1902.0
30,1626164,Devin Booker,1902.0
31,1626164,Devin Booker,1902.0
32,1629029,Luka Doncic,1816.0
33,1629029,Luka Doncic,1816.0
34,1629027,Trae Young,1778.0
35,1629027,Trae Young,1778.0
36,203078,Bradley Beal,1741.0
37,203078,Bradley Beal,1741.0
38,203078,Bradley Beal,1741.0
39,203078,Bradley Beal,1741.0
40,203078,Bradley Beal,1741.0
41,203078,Bradley Beal,1741.0
42,203078,Bradley Beal,1741.0
43,203078,Bradley Beal,1741.0
44,2544,LeBron James,1712.0
45,2544,LeBron James,1712.0
46,2544,LeBron James,1712.0
47,2544,LeBron James,1712.0
48,2544,LeBron James,1712.0
49,2544,LeBron James,1712.0
50,2544,LeBron James,1712.0
51,2544,LeBron James,1712.0
52,2544,LeBron James,1712.0
53,2544,LeBron James,1712.0
54,2544,LeBron James,1712.0
55,1628378,Donovan Mitchell,1694.0
56,1628378,Donovan Mitchell,1694.0
57,1628378,Donovan Mitchell,1694.0
58,203076,Anthony Davis,1614.0
59,203076,Anthony Davis,1614.0
60,203076,Anthony Davis,1614.0
61,203076,Anthony Davis,1614.0
62,203076,Anthony Davis,1614.0
63,203076,Anthony Davis,1614.0
64,203076,Anthony Davis,1614.0
65,203076,Anthony Davis,1614.0
66,201566,Russell Westbrook,1590.0
67,201566,Russell Westbrook,1590.0
68,201566,Russell Westbrook,1590.0
69,201566,Russell Westbrook,1590.0
70,201566,Russell Westbrook,1590.0
71,201566,Russell Westbrook,1590.0
72,201566,Russell Westbrook,1590.0
73,201566,Russell Westbrook,1590.0
74,201566,Russell Westbrook,1590.0
75,201566,Russell Westbrook,1590.0
76,201566,Russell Westbrook,1590.0
77,203468,CJ McCollum,1588.0
78,203468,CJ McCollum,1588.0
79,203468,CJ McCollum,1588.0
80,203468,CJ McCollum,1588.0
81,203468,CJ McCollum,1588.0
82,203468,CJ McCollum,1588.0
83,203468,CJ McCollum,1588.0
84,1628369,Jayson Tatum,1566.0
85,1628369,Jayson Tatum,1566.0
86,1628369,Jayson Tatum,1566.0
87,202695,Kawhi Leonard,1545.0
88,202695,Kawhi Leonard,1545.0
89,202695,Kawhi Leonard,1545.0
90,202695,Kawhi Leonard,1545.0
91,202695,Kawhi Leonard,1545.0
92,202695,Kawhi Leonard,1545.0
93,202695,Kawhi Leonard,1545.0
94,202695,Kawhi Leonard,1545.0
95,202695,Kawhi Leonard,1545.0
96,201942,DeMar DeRozan,1537.0
97,201942,DeMar DeRozan,1537.0
98,201942,DeMar DeRozan,1537.0
99,201942,DeMar DeRozan,1537.0
100,201942,DeMar DeRozan,1537.0
101,201942,DeMar DeRozan,1537.0
102,201942,DeMar DeRozan,1537.0
103,201942,DeMar DeRozan,1537.0
104,201942,DeMar DeRozan,1537.0
105,201942,DeMar DeRozan,1537.0
106,201942,DeMar DeRozan,1537.0
107,203897,Zach LaVine,1530.0
108,203897,Zach LaVine,1530.0
109,203897,Zach LaVine,1530.0
110,203897,Zach LaVine,1530.0
111,203897,Zach LaVine,1530.0
112,203897,Zach LaVine,1530.0
113,1627742,Brandon Ingram,1481.0
114,1627742,Brandon Ingram,1481.0
115,1627742,Brandon Ingram,1481.0
116,1627742,Brandon Ingram,1481.0
117,203999,Nikola Jokic,1481.0
118,203999,Nikola Jokic,1481.0
119,203999,Nikola Jokic,1481.0
120,203999,Nikola Jokic,1481.0
121,203999,Nikola Jokic,1481.0
122,202699,Tobias Harris,1445.0
123,202699,Tobias Harris,1445.0
124,202699,Tobias Harris,1445.0
125,202699,Tobias Harris,1445.0
126,202699,Tobias Harris,1445.0
127,202699,Tobias Harris,1445.0
128,202699,Tobias Harris,1445.0
129,202699,Tobias Harris,1445.0
130,202699,Tobias Harris,1445.0
131,202699,Tobias Harris,1445.0
132,202699,Tobias Harris,1445.0
133,202699,Tobias Harris,1445.0
134,202699,Tobias Harris,1445.0
135,1627741,Buddy Hield,1437.0
136,1627741,Buddy Hield,1437.0
137,1627741,Buddy Hield,1437.0
138,1627741,Buddy Hield,1437.0
139,1627741,Buddy Hield,1437.0
140,1627783,Pascal Siakam,1385.0
141,1627783,Pascal Siakam,1385.0
142,1627783,Pascal Siakam,1385.0
143,1627783,Pascal Siakam,1385.0
144,203933,T.J. Warren,1362.0
145,203933,T.J. Warren,1362.0
146,203933,T.J. Warren,1362.0
147,203933,T.J. Warren,1362.0
148,203933,T.J. Warren,1362.0
149,203933,T.J. Warren,1362.0
150,1628983,Shai Gilgeous-Alexander,1361.0
151,1628983,Shai Gilgeous-Alexander,1361.0
152,1629012,Collin Sexton,1349.0
153,1629012,Collin Sexton,1349.0
154,203114,Khris Middleton,1340.0
155,203114,Khris Middleton,1340.0
156,203114,Khris Middleton,1340.0
157,203114,Khris Middleton,1340.0
158,203114,Khris Middleton,1340.0
159,203114,Khris Middleton,1340.0
160,203114,Khris Middleton,1340.0
161,203114,Khris Middleton,1340.0
162,203915,Spencer Dinwiddie,1318.0
163,203915,Spencer Dinwiddie,1318.0
164,203915,Spencer Dinwiddie,1318.0
165,203915,Spencer Dinwiddie,1318.0
166,203915,Spencer Dinwiddie,1318.0
167,203915,Spencer Dinwiddie,1318.0
168,203915,Spencer Dinwiddie,1318.0
169,202711,Bojan Bogdanovic,1275.0
170,202711,Bojan Bogdanovic,1275.0
171,202711,Bojan Bogdanovic,1275.0
172,202711,Bojan Bogdanovic,1275.0
173,202711,Bojan Bogdanovic,1275.0
174,202711,Bojan Bogdanovic,1275.0
175,202711,Bojan Bogdanovic,1275.0
176,202696,Nikola Vucevic,1253.0
177,202696,Nikola Vucevic,1253.0
178,202696,Nikola Vucevic,1253.0
179,202696,Nikola Vucevic,1253.0
180,202696,Nikola Vucevic,1253.0
181,202696,Nikola Vucevic,1253.0
182,202696,Nikola Vucevic,1253.0
183,202696,Nikola Vucevic,1253.0
184,202696,Nikola Vucevic,1253.0
185,203944,Julius Randle,1248.0
186,203944,Julius Randle,1248.0
187,203944,Julius Randle,1248.0
188,203944,Julius Randle,1248.0
189,203944,Julius Randle,1248.0
190,203944,Julius Randle,1248.0
191,1629630,Ja Morant,1239.0
192,101108,Chris Paul,1239.0
193,101108,Chris Paul,1239.0
194,101108,Chris Paul,1239.0
195,101108,Chris Paul,1239.0
196,101108,Chris Paul,1239.0
197,101108,Chris Paul,1239.0
198,101108,Chris Paul,1239.0
199,101108,Chris Paul,1239.0
200,101108,Chris Paul,1239.0
201,101108,Chris Paul,1239.0
202,101108,Chris Paul,1239.0
203,203471,Dennis Schroder,1238.0
204,203471,Dennis Schroder,1238.0
205,203471,Dennis Schroder,1238.0
206,203471,Dennis Schroder,1238.0
207,203471,Dennis Schroder,1238.0
208,203471,Dennis Schroder,1238.0
209,203471,Dennis Schroder,1238.0
210,203095,Evan Fournier,1234.0
211,203095,Evan Fournier,1234.0
212,203095,Evan Fournier,1234.0
213,203095,Evan Fournier,1234.0
214,203095,Evan Fournier,1234.0
215,203095,Evan Fournier,1234.0
216,203095,Evan Fournier,1234.0
217,203095,Evan Fournier,1234.0
218,1628415,Dillon Brooks,1221.0
219,1628415,Dillon Brooks,1221.0
220,1628415,Dillon Brooks,1221.0
221,1627759,Jaylen Brown,1189.0
222,1627759,Jaylen Brown,1189.0
223,1627759,Jaylen Brown,1189.0
224,1627759,Jaylen Brown,1189.0
225,204001,Kristaps Porzingis,1189.0
226,204001,Kristaps Porzingis,1189.0
227,204001,Kristaps Porzingis,1189.0
228,204001,Kristaps Porzingis,1189.0
229,204001,Kristaps Porzingis,1189.0
230,101150,Lou Williams,1186.0
231,101150,Lou Williams,1186.0
232,101150,Lou Williams,1186.0
233,101150,Lou Williams,1186.0
234,101150,Lou Williams,1186.0
235,101150,Lou Williams,1186.0
236,101150,Lou Williams,1186.0
237,101150,Lou Williams,1186.0
238,101150,Lou Williams,1186.0
239,101150,Lou Williams,1186.0
240,101150,Lou Williams,1186.0
241,101150,Lou Williams,1186.0
242,202710,Jimmy Butler,1184.0
243,202710,Jimmy Butler,1184.0
244,202710,Jimmy Butler,1184.0
245,202710,Jimmy Butler,1184.0
246,202710,Jimmy Butler,1184.0
247,202710,Jimmy Butler,1184.0
248,202710,Jimmy Butler,1184.0
249,202710,Jimmy Butler,1184.0
250,202710,Jimmy Butler,1184.0
251,202710,Jimmy Butler,1184.0
252,201950,Jrue Holiday,1183.0
253,201950,Jrue Holiday,1183.0
254,201950,Jrue Holiday,1183.0
255,201950,Jrue Holiday,1183.0
256,201950,Jrue Holiday,1183.0
257,201950,Jrue Holiday,1183.0
258,201950,Jrue Holiday,1183.0
259,201950,Jrue Holiday,1183.0
260,201950,Jrue Holiday,1183.0
261,201950,Jrue Holiday,1183.0
262,201950,Jrue Holiday,1183.0
263,201568,Danilo Gallinari,1178.0
264,201568,Danilo Gallinari,1178.0
265,201568,Danilo Gallinari,1178.0
266,201568,Danilo Gallinari,1178.0
267,201568,Danilo Gallinari,1178.0
268,201568,Danilo Gallinari,1178.0
269,201568,Danilo Gallinari,1178.0
270,201568,Danilo Gallinari,1178.0
271,201568,Danilo Gallinari,1178.0
272,201568,Danilo Gallinari,1178.0
273,201568,Danilo Gallinari,1178.0
274,201568,Danilo Gallinari,1178.0
275,203952,Andrew Wiggins,1175.0
276,203952,Andrew Wiggins,1175.0
277,203952,Andrew Wiggins,1175.0
278,203952,Andrew Wiggins,1175.0
279,203952,Andrew Wiggins,1175.0
280,203952,Andrew Wiggins,1175.0
281,203954,Joel Embiid,1168.0
282,203954,Joel Embiid,1168.0
283,203954,Joel Embiid,1168.0
284,203954,Joel Embiid,1168.0
285,203954,Joel Embiid,1168.0
286,203954,Joel Embiid,1168.0
287,1628389,Bam Adebayo,1162.0
288,1628389,Bam Adebayo,1162.0
289,1628389,Bam Adebayo,1162.0
290,1626149,Montrezl Harrell,1156.0
291,1626149,Montrezl Harrell,1156.0
292,1626149,Montrezl Harrell,1156.0
293,1626149,Montrezl Harrell,1156.0
294,1626149,Montrezl Harrell,1156.0
295,202689,Kemba Walker,1151.0
296,202689,Kemba Walker,1151.0
297,202689,Kemba Walker,1151.0
298,202689,Kemba Walker,1151.0
299,202689,Kemba Walker,1151.0
300,202689,Kemba Walker,1151.0
301,202689,Kemba Walker,1151.0
302,202689,Kemba Walker,1151.0
303,202689,Kemba Walker,1151.0
304,1627734,Domantas Sabonis,1147.0
305,1627734,Domantas Sabonis,1147.0
306,1627734,Domantas Sabonis,1147.0
307,1627734,Domantas Sabonis,1147.0
308,203501,Tim Hardaway Jr.,1146.0
309,203501,Tim Hardaway Jr.,1146.0
310,203501,Tim Hardaway Jr.,1146.0
311,203501,Tim Hardaway Jr.,1146.0
312,203501,Tim Hardaway Jr.,1146.0
313,203501,Tim Hardaway Jr.,1146.0
314,203501,Tim Hardaway Jr.,1146.0
315,203501,Tim Hardaway Jr.,1146.0
316,1628984,Devonte' Graham,1145.0
317,1628984,Devonte' Graham,1145.0
318,200768,Kyle Lowry,1139.0
319,200768,Kyle Lowry,1139.0
320,200768,Kyle Lowry,1139.0
321,200768,Kyle Lowry,1139.0
322,200768,Kyle Lowry,1139.0
323,200768,Kyle Lowry,1139.0
324,200768,Kyle Lowry,1139.0
325,200768,Kyle Lowry,1139.0
326,200768,Kyle Lowry,1139.0
327,200768,Kyle Lowry,1139.0
328,200768,Kyle Lowry,1139.0
329,1626179,Terry Rozier,1134.0
330,1626179,Terry Rozier,1134.0
331,1626179,Terry Rozier,1134.0
332,1626179,Terry Rozier,1134.0
333,1626179,Terry Rozier,1134.0
334,203903,Jordan Clarkson,1121.0
335,203903,Jordan Clarkson,1121.0
336,203903,Jordan Clarkson,1121.0
337,203903,Jordan Clarkson,1121.0
338,203903,Jordan Clarkson,1121.0
339,203903,Jordan Clarkson,1121.0
340,203903,Jordan Clarkson,1121.0
341,1627750,Jamal Murray,1103.0
342,1627750,Jamal Murray,1103.0
343,1627750,Jamal Murray,1103.0
344,1627750,Jamal Murray,1103.0
345,1628368,De'Aaron Fox,1096.0
346,1628368,De'Aaron Fox,1096.0
347,1628368,De'Aaron Fox,1096.0
348,202685,Jonas Valanciunas,1091.0
349,202685,Jonas Valanciunas,1091.0
350,202685,Jonas Valanciunas,1091.0
351,202685,Jonas Valanciunas,1091.0
352,202685,Jonas Valanciunas,1091.0
353,202685,Jonas Valanciunas,1091.0
354,202685,Jonas Valanciunas,1091.0
355,202685,Jonas Valanciunas,1091.0
356,202685,Jonas Valanciunas,1091.0
357,202331,Paul George,1081.0
358,202331,Paul George,1081.0
359,202331,Paul George,1081.0
360,202331,Paul George,1081.0
361,202331,Paul George,1081.0
362,202331,Paul George,1081.0
363,202331,Paul George,1081.0
364,202331,Paul George,1081.0
365,202331,Paul George,1081.0
366,202331,Paul George,1081.0
367,202694,Marcus Morris Sr.,1073.0
368,202694,Marcus Morris Sr.,1073.0
369,202694,Marcus Morris Sr.,1073.0
370,202694,Marcus Morris Sr.,1073.0
371,202694,Marcus Morris Sr.,1073.0
372,202694,Marcus Morris Sr.,1073.0
373,202694,Marcus Morris Sr.,1073.0
374,202694,Marcus Morris Sr.,1073.0
375,202694,Marcus Morris Sr.,1073.0
376,202694,Marcus Morris Sr.,1073.0
377,203497,Rudy Gobert,1072.0
378,203497,Rudy Gobert,1072.0
379,203497,Rudy Gobert,1072.0
380,203497,Rudy Gobert,1072.0
381,203497,Rudy Gobert,1072.0
382,203497,Rudy Gobert,1072.0
383,203497,Rudy Gobert,1072.0
384,203084,Harrison Barnes,1058.0
385,203084,Harrison Barnes,1058.0
386,203084,Harrison Barnes,1058.0
387,203084,Harrison Barnes,1058.0
388,203084,Harrison Barnes,1058.0
389,203084,Harrison Barnes,1058.0
390,203084,Harrison Barnes,1058.0
391,203084,Harrison Barnes,1058.0
392,203084,Harrison Barnes,1058.0
393,203082,Terrence Ross,1057.0
394,203082,Terrence Ross,1057.0
395,203082,Terrence Ross,1057.0
396,203082,Terrence Ross,1057.0
397,203082,Terrence Ross,1057.0
398,203082,Terrence Ross,1057.0
399,203082,Terrence Ross,1057.0
400,203082,Terrence Ross,1057.0
401,203082,Terrence Ross,1057.0
402,202355,Hassan Whiteside,1054.0
403,202355,Hassan Whiteside,1054.0
404,202355,Hassan Whiteside,1054.0
405,202355,Hassan Whiteside,1054.0
406,202355,Hassan Whiteside,1054.0
407,202355,Hassan Whiteside,1054.0
408,202355,Hassan Whiteside,1054.0
409,202355,Hassan Whiteside,1054.0
410,202355,Hassan Whiteside,1054.0
411,1626162,Kelly Oubre Jr.,1046.0
412,1626162,Kelly Oubre Jr.,1046.0
413,1626162,Kelly Oubre Jr.,1046.0
414,1626162,Kelly Oubre Jr.,1046.0
415,1626162,Kelly Oubre Jr.,1046.0
416,1626162,Kelly Oubre Jr.,1046.0
417,1626156,D'Angelo Russell,1039.0
418,1626156,D'Angelo Russell,1039.0
419,1626156,D'Angelo Russell,1039.0
420,1626156,D'Angelo Russell,1039.0
421,1626156,D'Angelo Russell,1039.0
422,1628991,Jaren Jackson Jr.,1024.0
423,1628991,Jaren Jackson Jr.,1024.0
424,1629130,Duncan Robinson,1022.0
425,1629130,Duncan Robinson,1022.0
426,203925,Joe Harris,1018.0
427,203925,Joe Harris,1018.0
428,203925,Joe Harris,1018.0
429,203925,Joe Harris,1018.0
430,203925,Joe Harris,1018.0
431,203925,Joe Harris,1018.0
432,202692,Alec Burks,1012.0
433,202692,Alec Burks,1012.0
434,202692,Alec Burks,1012.0
435,202692,Alec Burks,1012.0
436,202692,Alec Burks,1012.0
437,202692,Alec Burks,1012.0
438,202692,Alec Burks,1012.0
439,202692,Alec Burks,1012.0
440,202692,Alec Burks,1012.0
441,202692,Alec Burks,1012.0
442,202692,Alec Burks,1012.0
443,1629134,Kendrick Nunn,1012.0
444,1629134,Kendrick Nunn,1012.0
445,203083,Andre Drummond,1010.0
446,203083,Andre Drummond,1010.0
447,203083,Andre Drummond,1010.0
448,203083,Andre Drummond,1010.0
449,203083,Andre Drummond,1010.0
450,203083,Andre Drummond,1010.0
451,203083,Andre Drummond,1010.0
452,203083,Andre Drummond,1010.0
453,200746,LaMarcus Aldridge,1001.0
454,200746,LaMarcus Aldridge,1001.0
455,200746,LaMarcus Aldridge,1001.0
456,200746,LaMarcus Aldridge,1001.0
457,200746,LaMarcus Aldridge,1001.0
458,200746,LaMarcus Aldridge,1001.0
459,200746,LaMarcus Aldridge,1001.0
460,200746,LaMarcus Aldridge,1001.0
461,200746,LaMarcus Aldridge,1001.0
462,200746,LaMarcus Aldridge,1001.0
463,200746,LaMarcus Aldridge,1001.0
464,201567,Kevin Love,987.0
465,201567,Kevin Love,987.0
466,201567,Kevin Love,987.0
467,201567,Kevin Love,987.0
468,201567,Kevin Love,987.0
469,201567,Kevin Love,987.0
470,201567,Kevin Love,987.0
471,201567,Kevin Love,987.0
472,201567,Kevin Love,987.0
473,201567,Kevin Love,987.0
474,201567,Kevin Love,987.0
475,201609,Goran Dragic,979.0
476,201609,Goran Dragic,979.0
477,201609,Goran Dragic,979.0
478,201609,Goran Dragic,979.0
479,201609,Goran Dragic,979.0
480,201609,Goran Dragic,979.0
481,201609,Goran Dragic,979.0
482,201609,Goran Dragic,979.0
483,201609,Goran Dragic,979.0
484,201609,Goran Dragic,979.0
485,201609,Goran Dragic,979.0
486,201609,Goran Dragic,979.0
487,201609,Goran Dragic,979.0
488,1627732,Ben Simmons,964.0
489,1627732,Ben Simmons,964.0
490,1627732,Ben Simmons,964.0
491,1627732,Ben Simmons,964.0
492,203992,Bogdan Bogdanovic,961.0
493,203992,Bogdan Bogdanovic,961.0
494,203992,Bogdan Bogdanovic,961.0
495,1627832,Fred VanVleet,937.0
496,1627832,Fred VanVleet,937.0
497,1627832,Fred VanVleet,937.0
498,1627832,Fred VanVleet,937.0
499,200755,JJ Redick,935.0
500,200755,JJ Redick,935.0
501,200755,JJ Redick,935.0
502,200755,JJ Redick,935.0
503,200755,JJ Redick,935.0
504,200755,JJ Redick,935.0
505,200755,JJ Redick,935.0
506,200755,JJ Redick,935.0
507,200755,JJ Redick,935.0
508,200755,JJ Redick,935.0
509,200755,JJ Redick,935.0
510,200755,JJ Redick,935.0
511,202330,Gordon Hayward,933.0
512,202330,Gordon Hayward,933.0
513,202330,Gordon Hayward,933.0
514,202330,Gordon Hayward,933.0
515,202330,Gordon Hayward,933.0
516,202330,Gordon Hayward,933.0
517,202330,Gordon Hayward,933.0
518,202330,Gordon Hayward,933.0
519,202330,Gordon Hayward,933.0
520,202330,Gordon Hayward,933.0
521,1626157,Karl-Anthony Towns,926.0
522,1626157,Karl-Anthony Towns,926.0
523,1626157,Karl-Anthony Towns,926.0
524,1626157,Karl-Anthony Towns,926.0
525,1626157,Karl-Anthony Towns,926.0
526,2546,Carmelo Anthony,926.0
527,2546,Carmelo Anthony,926.0
528,2546,Carmelo Anthony,926.0
529,2546,Carmelo Anthony,926.0
530,2546,Carmelo Anthony,926.0
531,2546,Carmelo Anthony,926.0
532,2546,Carmelo Anthony,926.0
533,2546,Carmelo Anthony,926.0
534,2546,Carmelo Anthony,926.0
535,2546,Carmelo Anthony,926.0
536,2546,Carmelo Anthony,926.0
537,2546,Carmelo Anthony,926.0
538,203932,Aaron Gordon,921.0
539,203932,Aaron Gordon,921.0
540,203932,Aaron Gordon,921.0
541,203932,Aaron Gordon,921.0
542,203932,Aaron Gordon,921.0
543,203932,Aaron Gordon,921.0
544,1627763,Malcolm Brogdon,917.0
545,1627763,Malcolm Brogdon,917.0
546,1627763,Malcolm Brogdon,917.0
547,1627763,Malcolm Brogdon,917.0
548,202339,Eric Bledsoe,911.0
549,202339,Eric Bledsoe,911.0
550,202339,Eric Bledsoe,911.0
551,202339,Eric Bledsoe,911.0
552,202339,Eric Bledsoe,911.0
553,202339,Eric Bledsoe,911.0
554,202339,Eric Bledsoe,911.0
555,202339,Eric Bledsoe,911.0
556,202339,Eric Bledsoe,911.0
557,202339,Eric Bledsoe,911.0
558,202339,Eric Bledsoe,911.0
559,201565,Derrick Rose,904.0
560,201565,Derrick Rose,904.0
561,201565,Derrick Rose,904.0
562,201565,Derrick Rose,904.0
563,201565,Derrick Rose,904.0
564,201565,Derrick Rose,904.0
565,201565,Derrick Rose,904.0
566,201565,Derrick Rose,904.0
567,201565,Derrick Rose,904.0
568,201565,Derrick Rose,904.0
569,201565,Derrick Rose,904.0
570,1627747,Caris LeVert,902.0
571,1627747,Caris LeVert,902.0
572,1627747,Caris LeVert,902.0
573,1627747,Caris LeVert,902.0
574,203496,Robert Covington,898.0
575,203496,Robert Covington,898.0
576,203496,Robert Covington,898.0
577,203496,Robert Covington,898.0
578,203496,Robert Covington,898.0
579,203496,Robert Covington,898.0
580,203496,Robert Covington,898.0
581,203496,Robert Covington,898.0
582,203496,Robert Covington,898.0
583,1628381,John Collins,885.0
584,1628381,John Collins,885.0
585,1628381,John Collins,885.0
586,203924,Jerami Grant,882.0
587,203924,Jerami Grant,882.0
588,203924,Jerami Grant,882.0
589,203924,Jerami Grant,882.0
590,203924,Jerami Grant,882.0
591,203924,Jerami Grant,882.0
592,203924,Jerami Grant,882.0
593,203115,Will Barton,877.0
594,203115,Will Barton,877.0
595,203115,Will Barton,877.0
596,203115,Will Barton,877.0
597,203115,Will Barton,877.0
598,203115,Will Barton,877.0
599,203115,Will Barton,877.0
600,203115,Will Barton,877.0
601,203115,Will Barton,877.0
602,201586,Serge Ibaka,877.0
603,201586,Serge Ibaka,877.0
604,201586,Serge Ibaka,877.0
605,201586,Serge Ibaka,877.0
606,201586,Serge Ibaka,877.0
607,201586,Serge Ibaka,877.0
608,201586,Serge Ibaka,877.0
609,201586,Serge Ibaka,877.0
610,201586,Serge Ibaka,877.0
611,201586,Serge Ibaka,877.0
612,201586,Serge Ibaka,877.0
613,201586,Serge Ibaka,877.0
614,1628365,Markelle Fultz,875.0
615,1628365,Markelle Fultz,875.0
616,1628365,Markelle Fultz,875.0
617,201937,Ricky Rubio,875.0
618,201937,Ricky Rubio,875.0
619,201937,Ricky Rubio,875.0
620,201937,Ricky Rubio,875.0
621,201937,Ricky Rubio,875.0
622,201937,Ricky Rubio,875.0
623,201937,Ricky Rubio,875.0
624,201937,Ricky Rubio,875.0
625,201937,Ricky Rubio,875.0
626,201572,Brook Lopez,861.0
627,201572,Brook Lopez,861.0
628,201572,Brook Lopez,861.0
629,201572,Brook Lopez,861.0
630,201572,Brook Lopez,861.0
631,201572,Brook Lopez,861.0
632,201572,Brook Lopez,861.0
633,201572,Brook Lopez,861.0
634,201572,Brook Lopez,861.0
635,201572,Brook Lopez,861.0
636,201572,Brook Lopez,861.0
637,1629632,Coby White,859.0
638,202357,Nemanja Bjelica,858.0
639,202357,Nemanja Bjelica,858.0
640,202357,Nemanja Bjelica,858.0
641,202357,Nemanja Bjelica,858.0
642,202357,Nemanja Bjelica,858.0
643,1628970,Miles Bridges,843.0
644,1628970,Miles Bridges,843.0
645,1626181,Norman Powell,842.0
646,1626181,Norman Powell,842.0
647,1626181,Norman Powell,842.0
648,1626181,Norman Powell,842.0
649,1626181,Norman Powell,842.0
650,1629672,Eric Paschall,837.0
651,202722,Davis Bertans,834.0
652,202722,Davis Bertans,834.0
653,202722,Davis Bertans,834.0
654,202722,Davis Bertans,834.0
655,203552,Seth Curry,829.0
656,203552,Seth Curry,829.0
657,203552,Seth Curry,829.0
658,203552,Seth Curry,829.0
659,203552,Seth Curry,829.0
660,203552,Seth Curry,829.0
661,203552,Seth Curry,829.0
662,203552,Seth Curry,829.0
663,203552,Seth Curry,829.0
664,203552,Seth Curry,829.0
665,201143,Al Horford,820.0
666,201143,Al Horford,820.0
667,201143,Al Horford,820.0
668,201143,Al Horford,820.0
669,201143,Al Horford,820.0
670,201143,Al Horford,820.0
671,201143,Al Horford,820.0
672,201143,Al Horford,820.0
673,201143,Al Horford,820.0
674,201143,Al Horford,820.0
675,201143,Al Horford,820.0
676,1628398,Kyle Kuzma,816.0
677,1628398,Kyle Kuzma,816.0
678,1628398,Kyle Kuzma,816.0
679,1628386,Jarrett Allen,814.0
680,1628386,Jarrett Allen,814.0
681,1628386,Jarrett Allen,814.0
682,1626174,Christian Wood,810.0
683,1626174,Christian Wood,810.0
684,1626174,Christian Wood,810.0
685,1626174,Christian Wood,810.0
686,1626174,Christian Wood,810.0
687,1628401,Derrick White,806.0
688,1628401,Derrick White,806.0
689,1628401,Derrick White,806.0
690,1629628,RJ Barrett,803.0
691,203935,Marcus Smart,794.0
692,203935,Marcus Smart,794.0
693,203935,Marcus Smart,794.0
694,203935,Marcus Smart,794.0
695,203935,Marcus Smart,794.0
696,203935,Marcus Smart,794.0
697,1626167,Myles Turner,781.0
698,1626167,Myles Turner,781.0
699,1626167,Myles Turner,781.0
700,1626167,Myles Turner,781.0
701,1626167,Myles Turner,781.0
702,1629631,De'Andre Hunter,778.0
703,202397,Ish Smith,774.0
704,202397,Ish Smith,774.0
705,202397,Ish Smith,774.0
706,202397,Ish Smith,774.0
707,202397,Ish Smith,774.0
708,202397,Ish Smith,774.0
709,202397,Ish Smith,774.0
710,202397,Ish Smith,774.0
711,202397,Ish Smith,774.0
712,202397,Ish Smith,774.0
713,202397,Ish Smith,774.0
714,202397,Ish Smith,774.0
715,202397,Ish Smith,774.0
716,202397,Ish Smith,774.0
717,202397,Ish Smith,774.0
718,202397,Ish Smith,774.0
719,202397,Ish Smith,774.0
720,1627752,Taurean Prince,773.0
721,1627752,Taurean Prince,773.0
722,1627752,Taurean Prince,773.0
723,1627752,Taurean Prince,773.0
724,1626196,Josh Richardson,771.0
725,1626196,Josh Richardson,771.0
726,1626196,Josh Richardson,771.0
727,1626196,Josh Richardson,771.0
728,1626196,Josh Richardson,771.0
729,1629639,Tyler Herro,770.0
730,201988,Patty Mills,767.0
731,201988,Patty Mills,767.0
732,201988,Patty Mills,767.0
733,201988,Patty Mills,767.0
734,201988,Patty Mills,767.0
735,201988,Patty Mills,767.0
736,201988,Patty Mills,767.0
737,201988,Patty Mills,767.0
738,201988,Patty Mills,767.0
739,201988,Patty Mills,767.0
740,201988,Patty Mills,767.0
741,200752,Rudy Gay,766.0
742,200752,Rudy Gay,766.0
743,200752,Rudy Gay,766.0
744,200752,Rudy Gay,766.0
745,200752,Rudy Gay,766.0
746,200752,Rudy Gay,766.0
747,200752,Rudy Gay,766.0
748,200752,Rudy Gay,766.0
749,200752,Rudy Gay,766.0
750,200752,Rudy Gay,766.0
751,200752,Rudy Gay,766.0
752,200752,Rudy Gay,766.0
753,200752,Rudy Gay,766.0
754,1628366,Lonzo Ball,760.0
755,1628366,Lonzo Ball,760.0
756,1628366,Lonzo Ball,760.0
757,1627749,Dejounte Murray,751.0
758,1627749,Dejounte Murray,751.0
759,1627749,Dejounte Murray,751.0
760,1627749,Dejounte Murray,751.0
761,203463,Ben McLemore,747.0
762,203463,Ben McLemore,747.0
763,203463,Ben McLemore,747.0
764,203463,Ben McLemore,747.0
765,203463,Ben McLemore,747.0
766,203463,Ben McLemore,747.0
767,203463,Ben McLemore,747.0
768,1628384,OG Anunoby,744.0
769,1628384,OG Anunoby,744.0
770,1628384,OG Anunoby,744.0
771,1628972,Troy Brown Jr.,740.0
772,1628972,Troy Brown Jr.,740.0
773,203922,Glenn Robinson III,739.0
774,203922,Glenn Robinson III,739.0
775,203922,Glenn Robinson III,739.0
776,203922,Glenn Robinson III,739.0
777,203922,Glenn Robinson III,739.0
778,203922,Glenn Robinson III,739.0
779,203922,Glenn Robinson III,739.0
780,1629634,Brandon Clarke,738.0
781,1628374,Lauri Markkanen,737.0
782,1628374,Lauri Markkanen,737.0
783,1628374,Lauri Markkanen,737.0
784,1627854,Bryn Forbes,729.0
785,1627854,Bryn Forbes,729.0
786,1627854,Bryn Forbes,729.0
787,1627854,Bryn Forbes,729.0
788,203967,Dario Saric,728.0
789,203967,Dario Saric,728.0
790,203967,Dario Saric,728.0
791,203967,Dario Saric,728.0
792,203967,Dario Saric,728.0
793,1629636,Darius Garland,728.0
794,1628969,Mikal Bridges,723.0
795,1628969,Mikal Bridges,723.0
796,201144,Mike Conley,722.0
797,201144,Mike Conley,722.0
798,201144,Mike Conley,722.0
799,201144,Mike Conley,722.0
800,201144,Mike Conley,722.0
801,201144,Mike Conley,722.0
802,201144,Mike Conley,722.0
803,201144,Mike Conley,722.0
804,201144,Mike Conley,722.0
805,201144,Mike Conley,722.0
806,201144,Mike Conley,722.0
807,1629028,Deandre Ayton,721.0
808,1629028,Deandre Ayton,721.0
809,203500,Steven Adams,721.0
810,203500,Steven Adams,721.0
811,203500,Steven Adams,721.0
812,203500,Steven Adams,721.0
813,203500,Steven Adams,721.0
814,203500,Steven Adams,721.0
815,203500,Steven Adams,721.0
816,204060,Joe Ingles,719.0
817,204060,Joe Ingles,719.0
818,204060,Joe Ingles,719.0
819,204060,Joe Ingles,719.0
820,204060,Joe Ingles,719.0
821,204060,Joe Ingles,719.0
822,204060,Joe Ingles,719.0
823,1626224,Cedi Osman,718.0
824,1626224,Cedi Osman,718.0
825,1626224,Cedi Osman,718.0
826,203926,Doug McDermott,716.0
827,203926,Doug McDermott,716.0
828,203926,Doug McDermott,716.0
829,203926,Doug McDermott,716.0
830,203926,Doug McDermott,716.0
831,203926,Doug McDermott,716.0
832,203926,Doug McDermott,716.0
833,203926,Doug McDermott,716.0
834,1627788,Furkan Korkmaz,712.0
835,1627788,Furkan Korkmaz,712.0
836,1627788,Furkan Korkmaz,712.0
837,203109,Jae Crowder,712.0
838,203109,Jae Crowder,712.0
839,203109,Jae Crowder,712.0
840,203109,Jae Crowder,712.0
841,203109,Jae Crowder,712.0
842,203109,Jae Crowder,712.0
843,203109,Jae Crowder,712.0
844,203109,Jae Crowder,712.0
845,203109,Jae Crowder,712.0
846,203109,Jae Crowder,712.0
847,1629023,P.J. Washington,710.0
848,1628467,Maxi Kleber,702.0
849,1628467,Maxi Kleber,702.0
850,1628467,Maxi Kleber,702.0
851,1629060,Rui Hachimura,701.0
852,1627863,Danuel House Jr.,696.0
853,1627863,Danuel House Jr.,696.0
854,1627863,Danuel House Jr.,696.0
855,1627863,Danuel House Jr.,696.0
856,1627863,Danuel House Jr.,696.0
857,1627863,Danuel House Jr.,696.0
858,1627827,Dorian Finney-Smith,693.0
859,1627827,Dorian Finney-Smith,693.0
860,1627827,Dorian Finney-Smith,693.0
861,1627827,Dorian Finney-Smith,693.0
862,1628989,Kevin Huerter,684.0
863,1628989,Kevin Huerter,684.0
864,202684,Tristan Thompson,684.0
865,202684,Tristan Thompson,684.0
866,202684,Tristan Thompson,684.0
867,202684,Tristan Thompson,684.0
868,202684,Tristan Thompson,684.0
869,202684,Tristan Thompson,684.0
870,202684,Tristan Thompson,684.0
871,202684,Tristan Thompson,684.0
872,202684,Tristan Thompson,684.0
873,204038,Langston Galloway,677.0
874,204038,Langston Galloway,677.0
875,204038,Langston Galloway,677.0
876,204038,Langston Galloway,677.0
877,204038,Langston Galloway,677.0
878,204038,Langston Galloway,677.0
879,204038,Langston Galloway,677.0
880,1626171,Bobby Portis,668.0
881,1626171,Bobby Portis,668.0
882,1626171,Bobby Portis,668.0
883,1626171,Bobby Portis,668.0
884,1626171,Bobby Portis,668.0
885,1626171,Bobby Portis,668.0
886,203484,Kentavious Caldwell-Pope,666.0
887,203484,Kentavious Caldwell-Pope,666.0
888,203484,Kentavious Caldwell-Pope,666.0
889,203484,Kentavious Caldwell-Pope,666.0
890,203484,Kentavious Caldwell-Pope,666.0
891,203484,Kentavious Caldwell-Pope,666.0
892,203484,Kentavious Caldwell-Pope,666.0
893,202066,Garrett Temple,666.0
894,202066,Garrett Temple,666.0
895,202066,Garrett Temple,666.0
896,202066,Garrett Temple,666.0
897,202066,Garrett Temple,666.0
898,202066,Garrett Temple,666.0
899,202066,Garrett Temple,666.0
900,202066,Garrett Temple,666.0
901,202066,Garrett Temple,666.0
902,202066,Garrett Temple,666.0
903,202066,Garrett Temple,666.0
904,202066,Garrett Temple,666.0
905,202066,Garrett Temple,666.0
906,202066,Garrett Temple,666.0
907,202066,Garrett Temple,666.0
908,202066,Garrett Temple,666.0
909,201152,Thaddeus Young,659.0
910,201152,Thaddeus Young,659.0
911,201152,Thaddeus Young,659.0
912,201152,Thaddeus Young,659.0
913,201152,Thaddeus Young,659.0
914,201152,Thaddeus Young,659.0
915,201152,Thaddeus Young,659.0
916,201152,Thaddeus Young,659.0
917,201152,Thaddeus Young,659.0
918,201152,Thaddeus Young,659.0
919,201152,Thaddeus Young,659.0
920,201152,Thaddeus Young,659.0
921,1628404,Josh Hart,653.0
922,1628404,Josh Hart,653.0
923,1628404,Josh Hart,653.0
924,1628988,Aaron Holiday,645.0
925,1628988,Aaron Holiday,645.0
926,203107,Tomas Satoransky,644.0
927,203107,Tomas Satoransky,644.0
928,203107,Tomas Satoransky,644.0
929,203107,Tomas Satoransky,644.0
930,1628420,Monte Morris,644.0
931,1628420,Monte Morris,644.0
932,1628420,Monte Morris,644.0
933,203469,Cody Zeller,642.0
934,203469,Cody Zeller,642.0
935,203469,Cody Zeller,642.0
936,203469,Cody Zeller,642.0
937,203469,Cody Zeller,642.0
938,203469,Cody Zeller,642.0
939,203469,Cody Zeller,642.0
940,201952,Jeff Teague,641.0
941,201952,Jeff Teague,641.0
942,201952,Jeff Teague,641.0
943,201952,Jeff Teague,641.0
944,201952,Jeff Teague,641.0
945,201952,Jeff Teague,641.0
946,201952,Jeff Teague,641.0
947,201952,Jeff Teague,641.0
948,201952,Jeff Teague,641.0
949,201952,Jeff Teague,641.0
950,201952,Jeff Teague,641.0
951,1628418,Thomas Bryant,638.0
952,1628418,Thomas Bryant,638.0
953,1628418,Thomas Bryant,638.0
954,201571,D.J. Augustin,636.0
955,201571,D.J. Augustin,636.0
956,201571,D.J. Augustin,636.0
957,201571,D.J. Augustin,636.0
958,201571,D.J. Augustin,636.0
959,201571,D.J. Augustin,636.0
960,201571,D.J. Augustin,636.0
961,201571,D.J. Augustin,636.0
962,201571,D.J. Augustin,636.0
963,201571,D.J. Augustin,636.0
964,201571,D.J. Augustin,636.0
965,201571,D.J. Augustin,636.0
966,201571,D.J. Augustin,636.0
967,201571,D.J. Augustin,636.0
968,1628978,Donte DiVincenzo,633.0
969,1628978,Donte DiVincenzo,633.0
970,203145,Kent Bazemore,631.0
971,203145,Kent Bazemore,631.0
972,203145,Kent Bazemore,631.0
973,203145,Kent Bazemore,631.0
974,203145,Kent Bazemore,631.0
975,203145,Kent Bazemore,631.0
976,203145,Kent Bazemore,631.0
977,203145,Kent Bazemore,631.0
978,203145,Kent Bazemore,631.0
979,1627814,Damion Lee,621.0
980,1627814,Damion Lee,621.0
981,1627814,Damion Lee,621.0
982,1627814,Damion Lee,621.0
983,1629014,Anfernee Simons,621.0
984,1629014,Anfernee Simons,621.0
985,203200,Justin Holiday,619.0
986,203200,Justin Holiday,619.0
987,203200,Justin Holiday,619.0
988,203200,Justin Holiday,619.0
989,203200,Justin Holiday,619.0
990,203200,Justin Holiday,619.0
991,203200,Justin Holiday,619.0
992,203200,Justin Holiday,619.0
993,203200,Justin Holiday,619.0
994,203200,Justin Holiday,619.0
995,203200,Justin Holiday,619.0
996,203200,Justin Holiday,619.0
997,1627736,Malik Beasley,615.0
998,1627736,Malik Beasley,615.0
999,1627736,Malik Beasley,615.0
1000,1627736,Malik Beasley,615.0
1001,1628464,Daniel Theis,613.0
1002,1628464,Daniel Theis,613.0
1003,1628464,Daniel Theis,613.0
1004,203894,Shabazz Napier,612.0
1005,203894,Shabazz Napier,612.0
1006,203894,Shabazz Napier,612.0
1007,203894,Shabazz Napier,612.0
1008,203894,Shabazz Napier,612.0
1009,203894,Shabazz Napier,612.0
1010,1629629,Cam Reddish,610.0
1011,203085,Austin Rivers,609.0
1012,203085,Austin Rivers,609.0
1013,203085,Austin Rivers,609.0
1014,203085,Austin Rivers,609.0
1015,203085,Austin Rivers,609.0
1016,203085,Austin Rivers,609.0
1017,203085,Austin Rivers,609.0
1018,203085,Austin Rivers,609.0
1019,203085,Austin Rivers,609.0
1020,203085,Austin Rivers,609.0
1021,200794,Paul Millsap,602.0
1022,200794,Paul Millsap,602.0
1023,200794,Paul Millsap,602.0
1024,200794,Paul Millsap,602.0
1025,200794,Paul Millsap,602.0
1026,200794,Paul Millsap,602.0
1027,200794,Paul Millsap,602.0
1028,200794,Paul Millsap,602.0
1029,200794,Paul Millsap,602.0
1030,200794,Paul Millsap,602.0
1031,200794,Paul Millsap,602.0
1032,203482,Kelly Olynyk,594.0
1033,203482,Kelly Olynyk,594.0
1034,203482,Kelly Olynyk,594.0
1035,203482,Kelly Olynyk,594.0
1036,203482,Kelly Olynyk,594.0
1037,203482,Kelly Olynyk,594.0
1038,203482,Kelly Olynyk,594.0
1039,1629011,Mitchell Robinson,590.0
1040,1629011,Mitchell Robinson,590.0
1041,1627826,Ivica Zubac,584.0
1042,1627826,Ivica Zubac,584.0
1043,1627826,Ivica Zubac,584.0
1044,1627826,Ivica Zubac,584.0
1045,1627826,Ivica Zubac,584.0
1046,203914,Gary Harris,581.0
1047,203914,Gary Harris,581.0
1048,203914,Gary Harris,581.0
1049,203914,Gary Harris,581.0
1050,203914,Gary Harris,581.0
1051,203914,Gary Harris,581.0
1052,1629018,Gary Trent Jr.,581.0
1053,1629018,Gary Trent Jr.,581.0
1054,1629633,Jarrett Culver,580.0
1055,203087,Jeremy Lamb,577.0
1056,203087,Jeremy Lamb,577.0
1057,203087,Jeremy Lamb,577.0
1058,203087,Jeremy Lamb,577.0
1059,203087,Jeremy Lamb,577.0
1060,203087,Jeremy Lamb,577.0
1061,203087,Jeremy Lamb,577.0
1062,203087,Jeremy Lamb,577.0
1063,203087,Jeremy Lamb,577.0
1064,201588,George Hill,567.0
1065,201588,George Hill,567.0
1066,201588,George Hill,567.0
1067,201588,George Hill,567.0
1068,201588,George Hill,567.0
1069,201588,George Hill,567.0
1070,201588,George Hill,567.0
1071,201588,George Hill,567.0
1072,201588,George Hill,567.0
1073,201588,George Hill,567.0
1074,201588,George Hill,567.0
1075,201588,George Hill,567.0
1076,201588,George Hill,567.0
1077,202693,Markieff Morris,566.0
1078,202693,Markieff Morris,566.0
1079,202693,Markieff Morris,566.0
1080,202693,Markieff Morris,566.0
1081,202693,Markieff Morris,566.0
1082,202693,Markieff Morris,566.0
1083,202693,Markieff Morris,566.0
1084,202693,Markieff Morris,566.0
1085,202693,Markieff Morris,566.0
1086,202693,Markieff Morris,566.0
1087,202693,Markieff Morris,566.0
1088,1628370,Malik Monk,564.0
1089,1628370,Malik Monk,564.0
1090,1628370,Malik Monk,564.0
1091,1626204,Larry Nance Jr.,564.0
1092,1626204,Larry Nance Jr.,564.0
1093,1626204,Larry Nance Jr.,564.0
1094,1626204,Larry Nance Jr.,564.0
1095,1626204,Larry Nance Jr.,564.0
1096,1626204,Larry Nance Jr.,564.0
1097,1629056,Terence Davis,554.0
1098,202681,Kyrie Irving,548.0
1099,202681,Kyrie Irving,548.0
1100,202681,Kyrie Irving,548.0
1101,202681,Kyrie Irving,548.0
1102,202681,Kyrie Irving,548.0
1103,202681,Kyrie Irving,548.0
1104,202681,Kyrie Irving,548.0
1105,202681,Kyrie Irving,548.0
1106,202681,Kyrie Irving,548.0
1107,1627737,Marquese Chriss,548.0
1108,1627737,Marquese Chriss,548.0
1109,1627737,Marquese Chriss,548.0
1110,1627737,Marquese Chriss,548.0
1111,1627737,Marquese Chriss,548.0
1112,203953,Jabari Parker,546.0
1113,203953,Jabari Parker,546.0
1114,203953,Jabari Parker,546.0
1115,203953,Jabari Parker,546.0
1116,203953,Jabari Parker,546.0
1117,203953,Jabari Parker,546.0
1118,203953,Jabari Parker,546.0
1119,1626158,Richaun Holmes,545.0
1120,1626158,Richaun Holmes,545.0
1121,1626158,Richaun Holmes,545.0
1122,1626158,Richaun Holmes,545.0
1123,1626158,Richaun Holmes,545.0
1124,1629661,Cameron Johnson,545.0
1125,203991,Clint Capela,543.0
1126,203991,Clint Capela,543.0
1127,203991,Clint Capela,543.0
1128,203991,Clint Capela,543.0
1129,203991,Clint Capela,543.0
1130,203991,Clint Capela,543.0
1131,201980,Danny Green,541.0
1132,201980,Danny Green,541.0
1133,201980,Danny Green,541.0
1134,201980,Danny Green,541.0
1135,201980,Danny Green,541.0
1136,201980,Danny Green,541.0
1137,201980,Danny Green,541.0
1138,201980,Danny Green,541.0
1139,201980,Danny Green,541.0
1140,201980,Danny Green,541.0
1141,201980,Danny Green,541.0
1142,201980,Danny Green,541.0
1143,1629627,Zion Williamson,540.0
1144,201569,Eric Gordon,535.0
1145,201569,Eric Gordon,535.0
1146,201569,Eric Gordon,535.0
1147,201569,Eric Gordon,535.0
1148,201569,Eric Gordon,535.0
1149,201569,Eric Gordon,535.0
1150,201569,Eric Gordon,535.0
1151,201569,Eric Gordon,535.0
1152,201569,Eric Gordon,535.0
1153,201569,Eric Gordon,535.0
1154,201569,Eric Gordon,535.0
1155,1629006,Josh Okogie,533.0
1156,1629006,Josh Okogie,533.0
1157,2730,Dwight Howard,532.0
1158,2730,Dwight Howard,532.0
1159,2730,Dwight Howard,532.0
1160,2730,Dwight Howard,532.0
1161,2730,Dwight Howard,532.0
1162,2730,Dwight Howard,532.0
1163,2730,Dwight Howard,532.0
1164,2730,Dwight Howard,532.0
1165,2730,Dwight Howard,532.0
1166,2730,Dwight Howard,532.0
1167,2730,Dwight Howard,532.0
1168,1629008,Michael Porter Jr.,531.0
1169,1629008,Michael Porter Jr.,531.0
1170,1626153,Delon Wright,519.0
1171,1626153,Delon Wright,519.0
1172,1626153,Delon Wright,519.0
1173,1626153,Delon Wright,519.0
1174,1626153,Delon Wright,519.0
1175,1626153,Delon Wright,519.0
1176,1628971,Bruce Brown,517.0
1177,1628971,Bruce Brown,517.0
1178,1627884,Derrick Jones Jr.,516.0
1179,1627884,Derrick Jones Jr.,516.0
1180,1627884,Derrick Jones Jr.,516.0
1181,1627884,Derrick Jones Jr.,516.0
1182,1627884,Derrick Jones Jr.,516.0
1183,200782,P.J. Tucker,514.0
1184,200782,P.J. Tucker,514.0
1185,200782,P.J. Tucker,514.0
1186,200782,P.J. Tucker,514.0
1187,200782,P.J. Tucker,514.0
1188,200782,P.J. Tucker,514.0
1189,200782,P.J. Tucker,514.0
1190,200782,P.J. Tucker,514.0
1191,200782,P.J. Tucker,514.0
1192,202954,Brad Wanamaker,512.0
1193,202954,Brad Wanamaker,512.0
1194,202954,Brad Wanamaker,512.0
1195,202083,Wesley Matthews,511.0
1196,202083,Wesley Matthews,511.0
1197,202083,Wesley Matthews,511.0
1198,202083,Wesley Matthews,511.0
1199,202083,Wesley Matthews,511.0
1200,202083,Wesley Matthews,511.0
1201,202083,Wesley Matthews,511.0
1202,202083,Wesley Matthews,511.0
1203,202083,Wesley Matthews,511.0
1204,202083,Wesley Matthews,511.0
1205,202083,Wesley Matthews,511.0
1206,202083,Wesley Matthews,511.0
1207,202083,Wesley Matthews,511.0
1208,1629637,Jaxson Hayes,504.0
1209,1629004,Svi Mykhailiuk,504.0
1210,1629004,Svi Mykhailiuk,504.0
1211,1629004,Svi Mykhailiuk,504.0
1212,1629673,Jordan Poole,503.0
1213,1629645,Kevin Porter Jr.,498.0
1214,1626145,Tyus Jones,496.0
1215,1626145,Tyus Jones,496.0
1216,1626145,Tyus Jones,496.0
1217,1626145,Tyus Jones,496.0
1218,1626145,Tyus Jones,496.0
1219,202738,Isaiah Thomas,488.0
1220,202738,Isaiah Thomas,488.0
1221,202738,Isaiah Thomas,488.0
1222,202738,Isaiah Thomas,488.0
1223,202738,Isaiah Thomas,488.0
1224,202738,Isaiah Thomas,488.0
1225,202738,Isaiah Thomas,488.0
1226,202738,Isaiah Thomas,488.0
1227,202738,Isaiah Thomas,488.0
1228,202738,Isaiah Thomas,488.0
1229,202738,Isaiah Thomas,488.0
1230,202683,Enes Kanter,487.0
1231,202683,Enes Kanter,487.0
1232,202683,Enes Kanter,487.0
1233,202683,Enes Kanter,487.0
1234,202683,Enes Kanter,487.0
1235,202683,Enes Kanter,487.0
1236,202683,Enes Kanter,487.0
1237,202683,Enes Kanter,487.0
1238,202683,Enes Kanter,487.0
1239,202683,Enes Kanter,487.0
1240,202683,Enes Kanter,487.0
1241,202734,E'Twaun Moore,486.0
1242,202734,E'Twaun Moore,486.0
1243,202734,E'Twaun Moore,486.0
1244,202734,E'Twaun Moore,486.0
1245,202734,E'Twaun Moore,486.0
1246,202734,E'Twaun Moore,486.0
1247,202734,E'Twaun Moore,486.0
1248,202734,E'Twaun Moore,486.0
1249,202734,E'Twaun Moore,486.0
1250,1628976,Wendell Carter Jr.,484.0
1251,1628976,Wendell Carter Jr.,484.0
1252,1629013,Landry Shamet,484.0
1253,1629013,Landry Shamet,484.0
1254,1629013,Landry Shamet,484.0
1255,203382,Aron Baynes,481.0
1256,203382,Aron Baynes,481.0
1257,203382,Aron Baynes,481.0
1258,203382,Aron Baynes,481.0
1259,203382,Aron Baynes,481.0
1260,203382,Aron Baynes,481.0
1261,203382,Aron Baynes,481.0
1262,203382,Aron Baynes,481.0
1263,202709,Cory Joseph,481.0
1264,202709,Cory Joseph,481.0
1265,202709,Cory Joseph,481.0
1266,202709,Cory Joseph,481.0
1267,202709,Cory Joseph,481.0
1268,202709,Cory Joseph,481.0
1269,202709,Cory Joseph,481.0
1270,202709,Cory Joseph,481.0
1271,202709,Cory Joseph,481.0
1272,1629001,De'Anthony Melton,479.0
1273,1629001,De'Anthony Melton,479.0
1274,204456,T.J. McConnell,479.0
1275,204456,T.J. McConnell,479.0
1276,204456,T.J. McConnell,479.0
1277,204456,T.J. McConnell,479.0
1278,204456,T.J. McConnell,479.0
1279,203516,James Ennis III,478.0
1280,203516,James Ennis III,478.0
1281,203516,James Ennis III,478.0
1282,203516,James Ennis III,478.0
1283,203516,James Ennis III,478.0
1284,203516,James Ennis III,478.0
1285,203516,James Ennis III,478.0
1286,203516,James Ennis III,478.0
1287,203516,James Ennis III,478.0
1288,203516,James Ennis III,478.0
1289,203503,Tony Snell,474.0
1290,203503,Tony Snell,474.0
1291,203503,Tony Snell,474.0
1292,203503,Tony Snell,474.0
1293,203503,Tony Snell,474.0
1294,203503,Tony Snell,474.0
1295,203503,Tony Snell,474.0
1296,203503,Tony Snell,474.0
1297,201580,JaVale McGee,468.0
1298,201580,JaVale McGee,468.0
1299,201580,JaVale McGee,468.0
1300,201580,JaVale McGee,468.0
1301,201580,JaVale McGee,468.0
1302,201580,JaVale McGee,468.0
1303,201580,JaVale McGee,468.0
1304,201580,JaVale McGee,468.0
1305,201580,JaVale McGee,468.0
1306,201580,JaVale McGee,468.0
1307,201580,JaVale McGee,468.0
1308,201580,JaVale McGee,468.0
1309,201580,JaVale McGee,468.0
1310,203476,Gorgui Dieng,466.0
1311,203476,Gorgui Dieng,466.0
1312,203476,Gorgui Dieng,466.0
1313,203476,Gorgui Dieng,466.0
1314,203476,Gorgui Dieng,466.0
1315,203476,Gorgui Dieng,466.0
1316,203476,Gorgui Dieng,466.0
1317,1628973,Jalen Brunson,466.0
1318,1628973,Jalen Brunson,466.0
1319,201599,DeAndre Jordan,465.0
1320,201599,DeAndre Jordan,465.0
1321,201599,DeAndre Jordan,465.0
1322,201599,DeAndre Jordan,465.0
1323,201599,DeAndre Jordan,465.0
1324,201599,DeAndre Jordan,465.0
1325,201599,DeAndre Jordan,465.0
1326,201599,DeAndre Jordan,465.0
1327,201599,DeAndre Jordan,465.0
1328,201599,DeAndre Jordan,465.0
1329,201599,DeAndre Jordan,465.0
1330,201599,DeAndre Jordan,465.0
1331,1626220,Royce O'Neale,463.0
1332,1626220,Royce O'Neale,463.0
1333,1626220,Royce O'Neale,463.0
1334,201145,Jeff Green,463.0
1335,201145,Jeff Green,463.0
1336,201145,Jeff Green,463.0
1337,201145,Jeff Green,463.0
1338,201145,Jeff Green,463.0
1339,201145,Jeff Green,463.0
1340,201145,Jeff Green,463.0
1341,201145,Jeff Green,463.0
1342,201145,Jeff Green,463.0
1343,201145,Jeff Green,463.0
1344,201145,Jeff Green,463.0
1345,201145,Jeff Green,463.0
1346,201145,Jeff Green,463.0
1347,203486,Mason Plumlee,461.0
1348,203486,Mason Plumlee,461.0
1349,203486,Mason Plumlee,461.0
1350,203486,Mason Plumlee,461.0
1351,203486,Mason Plumlee,461.0
1352,203486,Mason Plumlee,461.0
1353,203486,Mason Plumlee,461.0
1354,203486,Mason Plumlee,461.0
1355,202324,Derrick Favors,459.0
1356,202324,Derrick Favors,459.0
1357,202324,Derrick Favors,459.0
1358,202324,Derrick Favors,459.0
1359,202324,Derrick Favors,459.0
1360,202324,Derrick Favors,459.0
1361,202324,Derrick Favors,459.0
1362,202324,Derrick Favors,459.0
1363,202324,Derrick Favors,459.0
1364,202324,Derrick Favors,459.0
1365,202324,Derrick Favors,459.0
1366,203901,Elfrid Payton,449.0
1367,203901,Elfrid Payton,449.0
1368,203901,Elfrid Payton,449.0
1369,203901,Elfrid Payton,449.0
1370,203901,Elfrid Payton,449.0
1371,203901,Elfrid Payton,449.0
1372,203901,Elfrid Payton,449.0
1373,203457,Nerlens Noel,448.0
1374,203457,Nerlens Noel,448.0
1375,203457,Nerlens Noel,448.0
1376,203457,Nerlens Noel,448.0
1377,203457,Nerlens Noel,448.0
1378,203457,Nerlens Noel,448.0
1379,203457,Nerlens Noel,448.0
1380,1628379,Luke Kennard,442.0
1381,1628379,Luke Kennard,442.0
1382,1628379,Luke Kennard,442.0
1383,101141,Ersan Ilyasova,438.0
1384,101141,Ersan Ilyasova,438.0
1385,101141,Ersan Ilyasova,438.0
1386,101141,Ersan Ilyasova,438.0
1387,101141,Ersan Ilyasova,438.0
1388,101141,Ersan Ilyasova,438.0
1389,101141,Ersan Ilyasova,438.0
1390,101141,Ersan Ilyasova,438.0
1391,101141,Ersan Ilyasova,438.0
1392,101141,Ersan Ilyasova,438.0
1393,101141,Ersan Ilyasova,438.0
1394,101141,Ersan Ilyasova,438.0
1395,101141,Ersan Ilyasova,438.0
1396,101141,Ersan Ilyasova,438.0
1397,101141,Ersan Ilyasova,438.0
1398,203458,Alex Len,438.0
1399,203458,Alex Len,438.0
1400,203458,Alex Len,438.0
1401,203458,Alex Len,438.0
1402,203458,Alex Len,438.0
1403,203458,Alex Len,438.0
1404,203458,Alex Len,438.0
1405,203937,Kyle Anderson,432.0
1406,203937,Kyle Anderson,432.0
1407,203937,Kyle Anderson,432.0
1408,203937,Kyle Anderson,432.0
1409,203937,Kyle Anderson,432.0
1410,203937,Kyle Anderson,432.0
1411,1629022,Lonnie Walker IV,429.0
1412,1629022,Lonnie Walker IV,429.0
1413,203895,Jordan McRae,426.0
1414,203895,Jordan McRae,426.0
1415,203895,Jordan McRae,426.0
1416,203895,Jordan McRae,426.0
1417,203895,Jordan McRae,426.0
1418,203895,Jordan McRae,426.0
1419,2772,Trevor Ariza,423.0
1420,2772,Trevor Ariza,423.0
1421,2772,Trevor Ariza,423.0
1422,2772,Trevor Ariza,423.0
1423,2772,Trevor Ariza,423.0
1424,2772,Trevor Ariza,423.0
1425,2772,Trevor Ariza,423.0
1426,2772,Trevor Ariza,423.0
1427,2772,Trevor Ariza,423.0
1428,2772,Trevor Ariza,423.0
1429,2772,Trevor Ariza,423.0
1430,2772,Trevor Ariza,423.0
1431,1626178,Rondae Hollis-Jefferson,423.0
1432,1626178,Rondae Hollis-Jefferson,423.0
1433,1626178,Rondae Hollis-Jefferson,423.0
1434,1626178,Rondae Hollis-Jefferson,423.0
1435,1626178,Rondae Hollis-Jefferson,423.0
1436,203210,JaMychal Green,422.0
1437,203210,JaMychal Green,422.0
1438,203210,JaMychal Green,422.0
1439,203210,JaMychal Green,422.0
1440,203210,JaMychal Green,422.0
1441,203210,JaMychal Green,422.0
1442,203210,JaMychal Green,422.0
1443,203210,JaMychal Green,422.0
1444,203210,JaMychal Green,422.0
1445,2594,Kyle Korver,420.0
1446,2594,Kyle Korver,420.0
1447,2594,Kyle Korver,420.0
1448,2594,Kyle Korver,420.0
1449,2594,Kyle Korver,420.0
1450,2594,Kyle Korver,420.0
1451,2594,Kyle Korver,420.0
1452,2594,Kyle Korver,420.0
1453,2594,Kyle Korver,420.0
1454,2594,Kyle Korver,420.0
1455,2594,Kyle Korver,420.0
1456,2594,Kyle Korver,420.0
1457,2594,Kyle Korver,420.0
1458,1628995,Kevin Knox II,419.0
1459,1628995,Kevin Knox II,419.0
1460,1627777,Georges Niang,419.0
1461,1627777,Georges Niang,419.0
1462,1627777,Georges Niang,419.0
1463,1627777,Georges Niang,419.0
1464,1627777,Georges Niang,419.0
1465,1628371,Jonathan Isaac,417.0
1466,1628371,Jonathan Isaac,417.0
1467,1628371,Jonathan Isaac,417.0
1468,203118,Mike Scott,417.0
1469,203118,Mike Scott,417.0
1470,203118,Mike Scott,417.0
1471,203118,Mike Scott,417.0
1472,203118,Mike Scott,417.0
1473,203118,Mike Scott,417.0
1474,203118,Mike Scott,417.0
1475,203118,Mike Scott,417.0
1476,203118,Mike Scott,417.0
1477,1628449,Chris Boucher,416.0
1478,1628449,Chris Boucher,416.0
1479,1628449,Chris Boucher,416.0
1480,202340,Avery Bradley,415.0
1481,202340,Avery Bradley,415.0
1482,202340,Avery Bradley,415.0
1483,202340,Avery Bradley,415.0
1484,202340,Avery Bradley,415.0
1485,202340,Avery Bradley,415.0
1486,202340,Avery Bradley,415.0
1487,202340,Avery Bradley,415.0
1488,202340,Avery Bradley,415.0
1489,202340,Avery Bradley,415.0
1490,202340,Avery Bradley,415.0
1491,202340,Avery Bradley,415.0
1492,1629021,Moritz Wagner,414.0
1493,1629021,Moritz Wagner,414.0
1494,1626144,Emmanuel Mudiay,412.0
1495,1626144,Emmanuel Mudiay,412.0
1496,1626144,Emmanuel Mudiay,412.0
1497,1626144,Emmanuel Mudiay,412.0
1498,1626144,Emmanuel Mudiay,412.0
1499,1626144,Emmanuel Mudiay,412.0
1500,1626163,Frank Kaminsky,407.0
1501,1626163,Frank Kaminsky,407.0
1502,1626163,Frank Kaminsky,407.0
1503,1626163,Frank Kaminsky,407.0
1504,1626163,Frank Kaminsky,407.0
1505,1626168,Trey Lyles,404.0
1506,1626168,Trey Lyles,404.0
1507,1626168,Trey Lyles,404.0
1508,1626168,Trey Lyles,404.0
1509,1626168,Trey Lyles,404.0
1510,201976,Patrick Beverley,403.0
1511,201976,Patrick Beverley,403.0
1512,201976,Patrick Beverley,403.0
1513,201976,Patrick Beverley,403.0
1514,201976,Patrick Beverley,403.0
1515,201976,Patrick Beverley,403.0
1516,201976,Patrick Beverley,403.0
1517,201976,Patrick Beverley,403.0
1518,201976,Patrick Beverley,403.0
1519,1628402,Frank Jackson,403.0
1520,1628402,Frank Jackson,403.0
1521,1628402,Frank Jackson,403.0
1522,1629740,Nicolo Melli,402.0
1523,1627751,Jakob Poeltl,400.0
1524,1627751,Jakob Poeltl,400.0
1525,1627751,Jakob Poeltl,400.0
1526,1627751,Jakob Poeltl,400.0
1527,202687,Bismack Biyombo,393.0
1528,202687,Bismack Biyombo,393.0
1529,202687,Bismack Biyombo,393.0
1530,202687,Bismack Biyombo,393.0
1531,202687,Bismack Biyombo,393.0
1532,202687,Bismack Biyombo,393.0
1533,202687,Bismack Biyombo,393.0
1534,202687,Bismack Biyombo,393.0
1535,202687,Bismack Biyombo,393.0
1536,202704,Reggie Jackson,393.0
1537,202704,Reggie Jackson,393.0
1538,202704,Reggie Jackson,393.0
1539,202704,Reggie Jackson,393.0
1540,202704,Reggie Jackson,393.0
1541,202704,Reggie Jackson,393.0
1542,202704,Reggie Jackson,393.0
1543,202704,Reggie Jackson,393.0
1544,202704,Reggie Jackson,393.0
1545,202704,Reggie Jackson,393.0
1546,1628382,Justin Jackson,390.0
1547,1628382,Justin Jackson,390.0
1548,1628382,Justin Jackson,390.0
1549,1628382,Justin Jackson,390.0
1550,1626161,Willie Cauley-Stein,390.0
1551,1626161,Willie Cauley-Stein,390.0
1552,1626161,Willie Cauley-Stein,390.0
1553,1626161,Willie Cauley-Stein,390.0
1554,1626161,Willie Cauley-Stein,390.0
1555,1629003,Shake Milton,388.0
1556,1629003,Shake Milton,388.0
1557,201158,Marco Belinelli,388.0
1558,201158,Marco Belinelli,388.0
1559,201158,Marco Belinelli,388.0
1560,201158,Marco Belinelli,388.0
1561,201158,Marco Belinelli,388.0
1562,201158,Marco Belinelli,388.0
1563,201158,Marco Belinelli,388.0
1564,201158,Marco Belinelli,388.0
1565,201158,Marco Belinelli,388.0
1566,201158,Marco Belinelli,388.0
1567,201158,Marco Belinelli,388.0
1568,201158,Marco Belinelli,388.0
1569,1627789,Timothe Luwawu-Cabarrot,383.0
1570,1627789,Timothe Luwawu-Cabarrot,383.0
1571,1627789,Timothe Luwawu-Cabarrot,383.0
1572,1627789,Timothe Luwawu-Cabarrot,383.0
1573,1627789,Timothe Luwawu-Cabarrot,383.0
1574,1627789,Timothe Luwawu-Cabarrot,383.0
1575,201577,Robin Lopez,382.0
1576,201577,Robin Lopez,382.0
1577,201577,Robin Lopez,382.0
1578,201577,Robin Lopez,382.0
1579,201577,Robin Lopez,382.0
1580,201577,Robin Lopez,382.0
1581,201577,Robin Lopez,382.0
1582,201577,Robin Lopez,382.0
1583,201577,Robin Lopez,382.0
1584,201577,Robin Lopez,382.0
1585,201577,Robin Lopez,382.0
1586,201959,Taj Gibson,379.0
1587,201959,Taj Gibson,379.0
1588,201959,Taj Gibson,379.0
1589,201959,Taj Gibson,379.0
1590,201959,Taj Gibson,379.0
1591,201959,Taj Gibson,379.0
1592,201959,Taj Gibson,379.0
1593,201959,Taj Gibson,379.0
1594,201959,Taj Gibson,379.0
1595,201959,Taj Gibson,379.0
1596,201959,Taj Gibson,379.0
1597,201959,Taj Gibson,379.0
1598,203939,Dwight Powell,376.0
1599,203939,Dwight Powell,376.0
1600,203939,Dwight Powell,376.0
1601,203939,Dwight Powell,376.0
1602,203939,Dwight Powell,376.0
1603,203939,Dwight Powell,376.0
1604,203939,Dwight Powell,376.0
1605,1629647,Darius Bazley,375.0
1606,1627739,Kris Dunn,373.0
1607,1627739,Kris Dunn,373.0
1608,1627739,Kris Dunn,373.0
1609,1627739,Kris Dunn,373.0
1610,1629016,Omari Spellman,370.0
1611,1629016,Omari Spellman,370.0
1612,1627936,Alex Caruso,369.0
1613,1627936,Alex Caruso,369.0
1614,1627936,Alex Caruso,369.0
1615,1627936,Alex Caruso,369.0
1616,1627846,Abdel Nader,367.0
1617,1627846,Abdel Nader,367.0
1618,1627846,Abdel Nader,367.0
1619,203487,Michael Carter-Williams,360.0
1620,203487,Michael Carter-Williams,360.0
1621,203487,Michael Carter-Williams,360.0
1622,203487,Michael Carter-Williams,360.0
1623,203487,Michael Carter-Williams,360.0
1624,203487,Michael Carter-Williams,360.0
1625,203487,Michael Carter-Williams,360.0
1626,203487,Michael Carter-Williams,360.0
1627,203487,Michael Carter-Williams,360.0
1628,203487,Michael Carter-Williams,360.0
1629,1626192,Pat Connaughton,360.0
1630,1626192,Pat Connaughton,360.0
1631,1626192,Pat Connaughton,360.0
1632,1626192,Pat Connaughton,360.0
1633,1626192,Pat Connaughton,360.0
1634,1629067,Isaac Bonga,359.0
1635,1629067,Isaac Bonga,359.0
1636,101107,Marvin Williams,357.0
1637,101107,Marvin Williams,357.0
1638,101107,Marvin Williams,357.0
1639,101107,Marvin Williams,357.0
1640,101107,Marvin Williams,357.0
1641,101107,Marvin Williams,357.0
1642,101107,Marvin Williams,357.0
1643,101107,Marvin Williams,357.0
1644,101107,Marvin Williams,357.0
1645,101107,Marvin Williams,357.0
1646,101107,Marvin Williams,357.0
1647,1629010,Jerome Robinson,357.0
1648,1629010,Jerome Robinson,357.0
1649,1628373,Frank Ntilikina,357.0
1650,1628373,Frank Ntilikina,357.0
1651,1628373,Frank Ntilikina,357.0
1652,203090,Maurice Harkless,347.0
1653,203090,Maurice Harkless,347.0
1654,203090,Maurice Harkless,347.0
1655,203090,Maurice Harkless,347.0
1656,203090,Maurice Harkless,347.0
1657,203090,Maurice Harkless,347.0
1658,203090,Maurice Harkless,347.0
1659,203090,Maurice Harkless,347.0
1660,1628964,Mo Bamba,346.0
1661,1628964,Mo Bamba,346.0
1662,203110,Draymond Green,345.0
1663,203110,Draymond Green,345.0
1664,203110,Draymond Green,345.0
1665,203110,Draymond Green,345.0
1666,203110,Draymond Green,345.0
1667,203110,Draymond Green,345.0
1668,203110,Draymond Green,345.0
1669,203110,Draymond Green,345.0
1670,1628960,Grayson Allen,343.0
1671,1628960,Grayson Allen,343.0
1672,200765,Rajon Rondo,342.0
1673,200765,Rajon Rondo,342.0
1674,200765,Rajon Rondo,342.0
1675,200765,Rajon Rondo,342.0
1676,200765,Rajon Rondo,342.0
1677,200765,Rajon Rondo,342.0
1678,200765,Rajon Rondo,342.0
1679,200765,Rajon Rondo,342.0
1680,200765,Rajon Rondo,342.0
1681,200765,Rajon Rondo,342.0
1682,200765,Rajon Rondo,342.0
1683,200765,Rajon Rondo,342.0
1684,1628385,Harry Giles III,339.0
1685,1628385,Harry Giles III,339.0
1686,1628385,Harry Giles III,339.0
1687,1629065,Ky Bowman,335.0
1688,201188,Marc Gasol,331.0
1689,201188,Marc Gasol,331.0
1690,201188,Marc Gasol,331.0
1691,201188,Marc Gasol,331.0
1692,201188,Marc Gasol,331.0
1693,201188,Marc Gasol,331.0
1694,201188,Marc Gasol,331.0
1695,201188,Marc Gasol,331.0
1696,201188,Marc Gasol,331.0
1697,201188,Marc Gasol,331.0
1698,201188,Marc Gasol,331.0
1699,201188,Marc Gasol,331.0
1700,1628470,Torrey Craig,330.0
1701,1628470,Torrey Craig,330.0
1702,1628470,Torrey Craig,330.0
1703,1628422,Damyean Dotson,321.0
1704,1628422,Damyean Dotson,321.0
1705,1628422,Damyean Dotson,321.0
1706,1626246,Boban Marjanovic,320.0
1707,1626246,Boban Marjanovic,320.0
1708,1626246,Boban Marjanovic,320.0
1709,1626246,Boban Marjanovic,320.0
1710,1626246,Boban Marjanovic,320.0
1711,1626246,Boban Marjanovic,320.0
1712,1626246,Boban Marjanovic,320.0
1713,1629680,Matisse Thybulle,319.0
1714,1628977,Hamidou Diallo,318.0
1715,1628977,Hamidou Diallo,318.0
1716,203524,Solomon Hill,314.0
1717,203524,Solomon Hill,314.0
1718,203524,Solomon Hill,314.0
1719,203524,Solomon Hill,314.0
1720,203524,Solomon Hill,314.0
1721,203524,Solomon Hill,314.0
1722,203524,Solomon Hill,314.0
1723,1628975,Jevon Carter,313.0
1724,1628975,Jevon Carter,313.0
1725,203086,Meyers Leonard,309.0
1726,203086,Meyers Leonard,309.0
1727,203086,Meyers Leonard,309.0
1728,203086,Meyers Leonard,309.0
1729,203086,Meyers Leonard,309.0
1730,203086,Meyers Leonard,309.0
1731,203086,Meyers Leonard,309.0
1732,203086,Meyers Leonard,309.0
1733,203506,Victor Oladipo,309.0
1734,203506,Victor Oladipo,309.0
1735,203506,Victor Oladipo,309.0
1736,203506,Victor Oladipo,309.0
1737,203506,Victor Oladipo,309.0
1738,203506,Victor Oladipo,309.0
1739,203506,Victor Oladipo,309.0
1740,1629638,Nickeil Alexander-Walker,307.0
1741,1627745,Damian Jones,306.0
1742,1627745,Damian Jones,306.0
1743,1627745,Damian Jones,306.0
1744,1627745,Damian Jones,306.0
1745,1628411,Wes Iwundu,304.0
1746,1628411,Wes Iwundu,304.0
1747,1628411,Wes Iwundu,304.0
1748,204020,Tyler Johnson,302.0
1749,204020,Tyler Johnson,302.0
1750,204020,Tyler Johnson,302.0
1751,204020,Tyler Johnson,302.0
1752,204020,Tyler Johnson,302.0
1753,204020,Tyler Johnson,302.0
1754,204020,Tyler Johnson,302.0
1755,202335,Patrick Patterson,300.0
1756,202335,Patrick Patterson,300.0
1757,202335,Patrick Patterson,300.0
1758,202335,Patrick Patterson,300.0
1759,202335,Patrick Patterson,300.0
1760,202335,Patrick Patterson,300.0
1761,202335,Patrick Patterson,300.0
1762,202335,Patrick Patterson,300.0
1763,202335,Patrick Patterson,300.0
1764,202335,Patrick Patterson,300.0
1765,202335,Patrick Patterson,300.0
1766,202335,Patrick Patterson,300.0
1767,1713,Vince Carter,298.0
1768,1713,Vince Carter,298.0
1769,1713,Vince Carter,298.0
1770,1713,Vince Carter,298.0
1771,1713,Vince Carter,298.0
1772,1713,Vince Carter,298.0
1773,1713,Vince Carter,298.0
1774,1713,Vince Carter,298.0
1775,1713,Vince Carter,298.0
1776,1713,Vince Carter,298.0
1777,1713,Vince Carter,298.0
1778,1713,Vince Carter,298.0
1779,1628396,Tony Bradley,292.0
1780,1628396,Tony Bradley,292.0
1781,1628396,Tony Bradley,292.0
1782,1627823,Juancho Hernangomez,288.0
1783,1627823,Juancho Hernangomez,288.0
1784,1627823,Juancho Hernangomez,288.0
1785,1627823,Juancho Hernangomez,288.0
1786,1628425,Sterling Brown,287.0
1787,1628425,Sterling Brown,287.0
1788,1628425,Sterling Brown,287.0
1789,1626209,Mario Hezonja,286.0
1790,1626209,Mario Hezonja,286.0
1791,1626209,Mario Hezonja,286.0
1792,1626209,Mario Hezonja,286.0
1793,1626209,Mario Hezonja,286.0
1794,101133,Ian Mahinmi,283.0
1795,101133,Ian Mahinmi,283.0
1796,101133,Ian Mahinmi,283.0
1797,101133,Ian Mahinmi,283.0
1798,101133,Ian Mahinmi,283.0
1799,101133,Ian Mahinmi,283.0
1800,101133,Ian Mahinmi,283.0
1801,101133,Ian Mahinmi,283.0
1802,101133,Ian Mahinmi,283.0
1803,101133,Ian Mahinmi,283.0
1804,101133,Ian Mahinmi,283.0
1805,1628966,Keita Bates-Diop,281.0
1806,1628966,Keita Bates-Diop,281.0
1807,1627748,Thon Maker,281.0
1808,1627748,Thon Maker,281.0
1809,1627748,Thon Maker,281.0
1810,1627748,Thon Maker,281.0
1811,1627748,Thon Maker,281.0
1812,201933,Blake Griffin,279.0
1813,201933,Blake Griffin,279.0
1814,201933,Blake Griffin,279.0
1815,201933,Blake Griffin,279.0
1816,201933,Blake Griffin,279.0
1817,201933,Blake Griffin,279.0
1818,201933,Blake Griffin,279.0
1819,201933,Blake Griffin,279.0
1820,201933,Blake Griffin,279.0
1821,201933,Blake Griffin,279.0
1822,201933,Blake Griffin,279.0
1823,201933,Blake Griffin,279.0
1824,1629652,Luguentz Dort,279.0
1825,201949,James Johnson,270.0
1826,201949,James Johnson,270.0
1827,201949,James Johnson,270.0
1828,201949,James Johnson,270.0
1829,201949,James Johnson,270.0
1830,201949,James Johnson,270.0
1831,201949,James Johnson,270.0
1832,201949,James Johnson,270.0
1833,201949,James Johnson,270.0
1834,201949,James Johnson,270.0
1835,201949,James Johnson,270.0
1836,201949,James Johnson,270.0
1837,201949,James Johnson,270.0
1838,1629675,Naz Reid,269.0
1839,1627853,Ryan Arcidiacono,261.0
1840,1627853,Ryan Arcidiacono,261.0
1841,1627853,Ryan Arcidiacono,261.0
1842,1627853,Ryan Arcidiacono,261.0
1843,203526,Raul Neto,261.0
1844,203526,Raul Neto,261.0
1845,203526,Raul Neto,261.0
1846,203526,Raul Neto,261.0
1847,203526,Raul Neto,261.0
1848,1629684,Grant Williams,261.0
1849,203473,Dewayne Dedmon,256.0
1850,203473,Dewayne Dedmon,256.0
1851,203473,Dewayne Dedmon,256.0
1852,203473,Dewayne Dedmon,256.0
1853,203473,Dewayne Dedmon,256.0
1854,203473,Dewayne Dedmon,256.0
1855,203473,Dewayne Dedmon,256.0
1856,203473,Dewayne Dedmon,256.0
1857,203473,Dewayne Dedmon,256.0
1858,1628400,Semi Ojeleye,255.0
1859,1628400,Semi Ojeleye,255.0
1860,1628400,Semi Ojeleye,255.0
1861,1629066,Rodions Kurucs,255.0
1862,1629066,Rodions Kurucs,255.0
1863,1626188,Quinn Cook,254.0
1864,1626188,Quinn Cook,254.0
1865,1626188,Quinn Cook,254.0
1866,1626188,Quinn Cook,254.0
1867,1626188,Quinn Cook,254.0
1868,1626188,Quinn Cook,254.0
1869,1626188,Quinn Cook,254.0
1870,203504,Trey Burke,252.0
1871,203504,Trey Burke,252.0
1872,203504,Trey Burke,252.0
1873,203504,Trey Burke,252.0
1874,203504,Trey Burke,252.0
1875,203504,Trey Burke,252.0
1876,203504,Trey Burke,252.0
1877,203504,Trey Burke,252.0
1878,200826,J.J. Barea,250.0
1879,200826,J.J. Barea,250.0
1880,200826,J.J. Barea,250.0
1881,200826,J.J. Barea,250.0
1882,200826,J.J. Barea,250.0
1883,200826,J.J. Barea,250.0
1884,200826,J.J. Barea,250.0
1885,200826,J.J. Barea,250.0
1886,200826,J.J. Barea,250.0
1887,200826,J.J. Barea,250.0
1888,200826,J.J. Barea,250.0
1889,200826,J.J. Barea,250.0
1890,1627761,DeAndre' Bembry,249.0
1891,1627761,DeAndre' Bembry,249.0
1892,1627761,DeAndre' Bembry,249.0
1893,1627761,DeAndre' Bembry,249.0
1894,1626143,Jahlil Okafor,249.0
1895,1626143,Jahlil Okafor,249.0
1896,1626143,Jahlil Okafor,249.0
1897,1626143,Jahlil Okafor,249.0
1898,1626143,Jahlil Okafor,249.0
1899,1626143,Jahlil Okafor,249.0
1900,203488,Mike Muscala,247.0
1901,203488,Mike Muscala,247.0
1902,203488,Mike Muscala,247.0
1903,203488,Mike Muscala,247.0
1904,203488,Mike Muscala,247.0
1905,203488,Mike Muscala,247.0
1906,203488,Mike Muscala,247.0
1907,203488,Mike Muscala,247.0
1908,1627756,Denzel Valentine,246.0
1909,1627756,Denzel Valentine,246.0
1910,1627756,Denzel Valentine,246.0
1911,1627756,Denzel Valentine,246.0
1912,1629635,Sekou Doumbouya,243.0
1913,1626203,Treveon Graham,243.0
1914,1626203,Treveon Graham,243.0
1915,1626203,Treveon Graham,243.0
1916,1626203,Treveon Graham,243.0
1917,1626203,Treveon Graham,243.0
1918,1628981,Bruno Fernando,240.0
1919,1628998,Cody Martin,238.0
1920,203493,Reggie Bullock,234.0
1921,203493,Reggie Bullock,234.0
1922,203493,Reggie Bullock,234.0
1923,203493,Reggie Bullock,234.0
1924,203493,Reggie Bullock,234.0
1925,203493,Reggie Bullock,234.0
1926,203493,Reggie Bullock,234.0
1927,203493,Reggie Bullock,234.0
1928,203493,Reggie Bullock,234.0
1929,203584,Troy Daniels,234.0
1930,203584,Troy Daniels,234.0
1931,203584,Troy Daniels,234.0
1932,203584,Troy Daniels,234.0
1933,203584,Troy Daniels,234.0
1934,203584,Troy Daniels,234.0
1935,203584,Troy Daniels,234.0
1936,203584,Troy Daniels,234.0
1937,203584,Troy Daniels,234.0
1938,203918,Rodney Hood,230.0
1939,203918,Rodney Hood,230.0
1940,203918,Rodney Hood,230.0
1941,203918,Rodney Hood,230.0
1942,203918,Rodney Hood,230.0
1943,203918,Rodney Hood,230.0
1944,203918,Rodney Hood,230.0
1945,203918,Rodney Hood,230.0
1946,1629162,Jordan McLaughlin,229.0
1947,1629162,Jordan McLaughlin,229.0
1948,1627812,Yogi Ferrell,226.0
1949,1627812,Yogi Ferrell,226.0
1950,1627812,Yogi Ferrell,226.0
1951,1627812,Yogi Ferrell,226.0
1952,1627812,Yogi Ferrell,226.0
1953,1629059,Elie Okobo,225.0
1954,1629059,Elie Okobo,225.0
1955,1627767,Cheick Diallo,225.0
1956,1627767,Cheick Diallo,225.0
1957,1627767,Cheick Diallo,225.0
1958,1627767,Cheick Diallo,225.0
1959,1628407,Dwayne Bacon,224.0
1960,1628407,Dwayne Bacon,224.0
1961,1628407,Dwayne Bacon,224.0
1962,203920,Khem Birch,221.0
1963,203920,Khem Birch,221.0
1964,203920,Khem Birch,221.0
1965,203920,Khem Birch,221.0
1966,203089,John Henson,221.0
1967,203089,John Henson,221.0
1968,203089,John Henson,221.0
1969,203089,John Henson,221.0
1970,203089,John Henson,221.0
1971,203089,John Henson,221.0
1972,203089,John Henson,221.0
1973,203089,John Henson,221.0
1974,1628390,Terrance Ferguson,220.0
1975,1628390,Terrance Ferguson,220.0
1976,1628390,Terrance Ferguson,220.0
1977,1629655,Daniel Gafford,220.0
1978,1628990,Chandler Hutchison,218.0
1979,1628990,Chandler Hutchison,218.0
1980,1629744,Matt Thomas,217.0
1981,201229,Anthony Tolliver,216.0
1982,201229,Anthony Tolliver,216.0
1983,201229,Anthony Tolliver,216.0
1984,201229,Anthony Tolliver,216.0
1985,201229,Anthony Tolliver,216.0
1986,201229,Anthony Tolliver,216.0
1987,201229,Anthony Tolliver,216.0
1988,201229,Anthony Tolliver,216.0
1989,201229,Anthony Tolliver,216.0
1990,201229,Anthony Tolliver,216.0
1991,201229,Anthony Tolliver,216.0
1992,201229,Anthony Tolliver,216.0
1993,201229,Anthony Tolliver,216.0
1994,201229,Anthony Tolliver,216.0
1995,1628436,Luke Kornet,215.0
1996,1628436,Luke Kornet,215.0
1997,1628436,Luke Kornet,215.0
1998,1629058,Dzanan Musa,213.0
1999,1629058,Dzanan Musa,213.0
2000,1627774,Jake Layman,210.0
2001,1627774,Jake Layman,210.0
2002,1627774,Jake Layman,210.0
2003,1627774,Jake Layman,210.0
2004,1627885,Shaquille Harrison,209.0
2005,1627885,Shaquille Harrison,209.0
2006,1627885,Shaquille Harrison,209.0
2007,1627885,Shaquille Harrison,209.0
2008,1627885,Shaquille Harrison,209.0
2009,1629164,Brandon Goodwin,206.0
2010,1629164,Brandon Goodwin,206.0
2011,1629164,Brandon Goodwin,206.0
2012,201163,Wilson Chandler,205.0
2013,201163,Wilson Chandler,205.0
2014,201163,Wilson Chandler,205.0
2015,201163,Wilson Chandler,205.0
2016,201163,Wilson Chandler,205.0
2017,201163,Wilson Chandler,205.0
2018,201163,Wilson Chandler,205.0
2019,201163,Wilson Chandler,205.0
2020,201163,Wilson Chandler,205.0
2021,201163,Wilson Chandler,205.0
2022,201163,Wilson Chandler,205.0
2023,201163,Wilson Chandler,205.0
2024,201163,Wilson Chandler,205.0
2025,203585,Rodney McGruder,201.0
2026,203585,Rodney McGruder,201.0
2027,203585,Rodney McGruder,201.0
2028,203585,Rodney McGruder,201.0
2029,203585,Rodney McGruder,201.0
2030,203585,Rodney McGruder,201.0
2031,1628367,Josh Jackson,198.0
2032,1628367,Josh Jackson,198.0
2033,1628367,Josh Jackson,198.0
2034,1629103,Kelan Martin,197.0
2035,1629640,Keldon Johnson,194.0
2036,1626195,Willy Hernangomez,190.0
2037,1626195,Willy Hernangomez,190.0
2038,1626195,Willy Hernangomez,190.0
2039,1626195,Willy Hernangomez,190.0
2040,1626195,Willy Hernangomez,190.0
2041,1627746,Skal Labissiere,190.0
2042,1627746,Skal Labissiere,190.0
2043,1627746,Skal Labissiere,190.0
2044,1627746,Skal Labissiere,190.0
2045,1627746,Skal Labissiere,190.0
2046,1628372,Dennis Smith Jr.,187.0
2047,1628372,Dennis Smith Jr.,187.0
2048,1628372,Dennis Smith Jr.,187.0
2049,1628372,Dennis Smith Jr.,187.0
2050,1628963,Marvin Bagley III,185.0
2051,1628963,Marvin Bagley III,185.0
2052,1629750,Javonte Green,184.0
2053,201961,Wayne Ellington,183.0
2054,201961,Wayne Ellington,183.0
2055,201961,Wayne Ellington,183.0
2056,201961,Wayne Ellington,183.0
2057,201961,Wayne Ellington,183.0
2058,201961,Wayne Ellington,183.0
2059,201961,Wayne Ellington,183.0
2060,201961,Wayne Ellington,183.0
2061,201961,Wayne Ellington,183.0
2062,201961,Wayne Ellington,183.0
2063,201961,Wayne Ellington,183.0
2064,201961,Wayne Ellington,183.0
2065,201961,Wayne Ellington,183.0
2066,202688,Brandon Knight,183.0
2067,202688,Brandon Knight,183.0
2068,202688,Brandon Knight,183.0
2069,202688,Brandon Knight,183.0
2070,202688,Brandon Knight,183.0
2071,202688,Brandon Knight,183.0
2072,202688,Brandon Knight,183.0
2073,202688,Brandon Knight,183.0
2074,202688,Brandon Knight,183.0
2075,202688,Brandon Knight,183.0
2076,202688,Brandon Knight,183.0
2077,1628035,Alfonzo McKinnie,182.0
2078,1628035,Alfonzo McKinnie,182.0
2079,1628035,Alfonzo McKinnie,182.0
2080,1628035,Alfonzo McKinnie,182.0
2081,1629109,Gary Clark,180.0
2082,1629109,Gary Clark,180.0
2083,203994,Jusuf Nurkic,177.0
2084,203994,Jusuf Nurkic,177.0
2085,203994,Jusuf Nurkic,177.0
2086,203994,Jusuf Nurkic,177.0
2087,203994,Jusuf Nurkic,177.0
2088,203994,Jusuf Nurkic,177.0
2089,203994,Jusuf Nurkic,177.0
2090,203521,Matthew Dellavedova,177.0
2091,203521,Matthew Dellavedova,177.0
2092,203521,Matthew Dellavedova,177.0
2093,203521,Matthew Dellavedova,177.0
2094,203521,Matthew Dellavedova,177.0
2095,203521,Matthew Dellavedova,177.0
2096,203521,Matthew Dellavedova,177.0
2097,203521,Matthew Dellavedova,177.0
2098,1629642,Nassir Little,175.0
2099,1628410,Edmond Sumner,173.0
2100,1628410,Edmond Sumner,173.0
2101,1628410,Edmond Sumner,173.0
2102,1629741,Marko Guduric,173.0
2103,203459,Allen Crabbe,172.0
2104,203459,Allen Crabbe,172.0
2105,203459,Allen Crabbe,172.0
2106,203459,Allen Crabbe,172.0
2107,203459,Allen Crabbe,172.0
2108,203459,Allen Crabbe,172.0
2109,203459,Allen Crabbe,172.0
2110,1627775,Patrick McCaw,170.0
2111,1627775,Patrick McCaw,170.0
2112,1627775,Patrick McCaw,170.0
2113,1627775,Patrick McCaw,170.0
2114,1627775,Patrick McCaw,170.0
2115,1629057,Robert Williams III,169.0
2116,1629057,Robert Williams III,169.0
2117,1629048,Goga Bitadze,168.0
2118,203960,JaKarr Sampson,168.0
2119,203960,JaKarr Sampson,168.0
2120,203960,JaKarr Sampson,168.0
2121,203960,JaKarr Sampson,168.0
2122,203960,JaKarr Sampson,168.0
2123,203960,JaKarr Sampson,168.0
2124,203960,JaKarr Sampson,168.0
2125,203490,Otto Porter Jr.,167.0
2126,203490,Otto Porter Jr.,167.0
2127,203490,Otto Porter Jr.,167.0
2128,203490,Otto Porter Jr.,167.0
2129,203490,Otto Porter Jr.,167.0
2130,203490,Otto Porter Jr.,167.0
2131,203490,Otto Porter Jr.,167.0
2132,203490,Otto Porter Jr.,167.0
2133,1628394,Anzejs Pasecniks,165.0
2134,1629598,Chris Clemons,162.0
2135,203957,Dante Exum,159.0
2136,203957,Dante Exum,159.0
2137,203957,Dante Exum,159.0
2138,203957,Dante Exum,159.0
2139,203957,Dante Exum,159.0
2140,203957,Dante Exum,159.0
2141,1629019,Allonzo Trier,155.0
2142,1629019,Allonzo Trier,155.0
2143,1629185,Chris Chiozza,154.0
2144,1629185,Chris Chiozza,154.0
2145,1629185,Chris Chiozza,154.0
2146,1629035,Carsen Edwards,151.0
2147,203079,Dion Waiters,150.0
2148,203079,Dion Waiters,150.0
2149,203079,Dion Waiters,150.0
2150,203079,Dion Waiters,150.0
2151,203079,Dion Waiters,150.0
2152,203079,Dion Waiters,150.0
2153,203079,Dion Waiters,150.0
2154,203079,Dion Waiters,150.0
2155,203079,Dion Waiters,150.0
2156,1628408,PJ Dozier,148.0
2157,1628408,PJ Dozier,148.0
2158,1628408,PJ Dozier,148.0
2159,1628408,PJ Dozier,148.0
2160,1628391,D.J. Wilson,139.0
2161,1628391,D.J. Wilson,139.0
2162,1628391,D.J. Wilson,139.0
2163,203943,Noah Vonleh,139.0
2164,203943,Noah Vonleh,139.0
2165,203943,Noah Vonleh,139.0
2166,203943,Noah Vonleh,139.0
2167,203943,Noah Vonleh,139.0
2168,203943,Noah Vonleh,139.0
2169,203943,Noah Vonleh,139.0
2170,1629735,Chris Silva,137.0
2171,1629026,Kenrich Williams,137.0
2172,1629026,Kenrich Williams,137.0
2173,1629234,Drew Eubanks,130.0
2174,1629234,Drew Eubanks,130.0
2175,1628980,Jacob Evans,128.0
2176,1628980,Jacob Evans,128.0
2177,1626159,Justise Winslow,124.0
2178,1626159,Justise Winslow,124.0
2179,1626159,Justise Winslow,124.0
2180,1626159,Justise Winslow,124.0
2181,1626159,Justise Winslow,124.0
2182,1629660,Ty Jerome,120.0
2183,1629033,Theo Pinson,120.0
2184,1629033,Theo Pinson,120.0
2185,1627780,Gary Payton II,113.0
2186,1627780,Gary Payton II,113.0
2187,1627780,Gary Payton II,113.0
2188,1627780,Gary Payton II,113.0
2189,1627780,Gary Payton II,113.0
2190,1627780,Gary Payton II,113.0
2191,1628997,Caleb Martin,111.0
2192,203124,Kyle O'Quinn,109.0
2193,203124,Kyle O'Quinn,109.0
2194,203124,Kyle O'Quinn,109.0
2195,203124,Kyle O'Quinn,109.0
2196,203124,Kyle O'Quinn,109.0
2197,203124,Kyle O'Quinn,109.0
2198,203124,Kyle O'Quinn,109.0
2199,203124,Kyle O'Quinn,109.0
2200,2738,Andre Iguodala,109.0
2201,2738,Andre Iguodala,109.0
2202,2738,Andre Iguodala,109.0
2203,2738,Andre Iguodala,109.0
2204,2738,Andre Iguodala,109.0
2205,2738,Andre Iguodala,109.0
2206,2738,Andre Iguodala,109.0
2207,2738,Andre Iguodala,109.0
2208,2738,Andre Iguodala,109.0
2209,2738,Andre Iguodala,109.0
2210,2738,Andre Iguodala,109.0
2211,1627733,Dragan Bender,107.0
2212,1627733,Dragan Bender,107.0
2213,1627733,Dragan Bender,107.0
2214,1627733,Dragan Bender,107.0
2215,1629678,Admiral Schofield,107.0
2216,201584,Courtney Lee,107.0
2217,201584,Courtney Lee,107.0
2218,201584,Courtney Lee,107.0
2219,201584,Courtney Lee,107.0
2220,201584,Courtney Lee,107.0
2221,201584,Courtney Lee,107.0
2222,201584,Courtney Lee,107.0
2223,201584,Courtney Lee,107.0
2224,201584,Courtney Lee,107.0
2225,201584,Courtney Lee,107.0
2226,201584,Courtney Lee,107.0
2227,201584,Courtney Lee,107.0
2228,201584,Courtney Lee,107.0
2229,201584,Courtney Lee,107.0
2230,1628392,Isaiah Hartenstein,107.0
2231,1628392,Isaiah Hartenstein,107.0
2232,1629126,Deonte Burton,107.0
2233,1629126,Deonte Burton,107.0
2234,1628021,David Nwaba,104.0
2235,1628021,David Nwaba,104.0
2236,1628021,David Nwaba,104.0
2237,1628021,David Nwaba,104.0
2238,1626166,Cameron Payne,104.0
2239,1626166,Cameron Payne,104.0
2240,1626166,Cameron Payne,104.0
2241,1626166,Cameron Payne,104.0
2242,1626166,Cameron Payne,104.0
2243,1626166,Cameron Payne,104.0
2244,1626166,Cameron Payne,104.0
2245,201939,Stephen Curry,104.0
2246,201939,Stephen Curry,104.0
2247,201939,Stephen Curry,104.0
2248,201939,Stephen Curry,104.0
2249,201939,Stephen Curry,104.0
2250,201939,Stephen Curry,104.0
2251,201939,Stephen Curry,104.0
2252,201939,Stephen Curry,104.0
2253,201939,Stephen Curry,104.0
2254,201939,Stephen Curry,104.0
2255,201939,Stephen Curry,104.0
2256,1629611,Terance Mann,102.0
2257,1628380,Zach Collins,100.0
2258,1628380,Zach Collins,100.0
2259,1628380,Zach Collins,100.0
2260,1629726,Garrison Mathews,98.0
2261,1629641,Romeo Langford,97.0
2262,204025,Tim Frazier,97.0
2263,204025,Tim Frazier,97.0
2264,204025,Tim Frazier,97.0
2265,204025,Tim Frazier,97.0
2266,204025,Tim Frazier,97.0
2267,204025,Tim Frazier,97.0
2268,204025,Tim Frazier,97.0
2269,204025,Tim Frazier,97.0
2270,204025,Tim Frazier,97.0
2271,204025,Tim Frazier,97.0
2272,1627790,Ante Zizic,96.0
2273,1627790,Ante Zizic,96.0
2274,1627790,Ante Zizic,96.0
2275,1629713,Justin James,95.0
2276,1628395,Jordan Bell,93.0
2277,1628395,Jordan Bell,93.0
2278,1628395,Jordan Bell,93.0
2279,200757,Thabo Sefolosha,92.0
2280,200757,Thabo Sefolosha,92.0
2281,200757,Thabo Sefolosha,92.0
2282,200757,Thabo Sefolosha,92.0
2283,200757,Thabo Sefolosha,92.0
2284,200757,Thabo Sefolosha,92.0
2285,200757,Thabo Sefolosha,92.0
2286,200757,Thabo Sefolosha,92.0
2287,200757,Thabo Sefolosha,92.0
2288,200757,Thabo Sefolosha,92.0
2289,200757,Thabo Sefolosha,92.0
2290,1629667,Jalen McDaniels,89.0
2291,1629117,Wenyen Gabriel,89.0
2292,1629117,Wenyen Gabriel,89.0
2293,1628388,TJ Leaf,89.0
2294,1628388,TJ Leaf,89.0
2295,1628388,TJ Leaf,89.0
2296,203998,Bruno Caboclo,87.0
2297,203998,Bruno Caboclo,87.0
2298,203998,Bruno Caboclo,87.0
2299,203998,Bruno Caboclo,87.0
2300,203998,Bruno Caboclo,87.0
2301,203998,Bruno Caboclo,87.0
2302,203998,Bruno Caboclo,87.0
2303,203998,Bruno Caboclo,87.0
2304,1626245,Cristiano Felicio,86.0
2305,1626245,Cristiano Felicio,86.0
2306,1626245,Cristiano Felicio,86.0
2307,1626245,Cristiano Felicio,86.0
2308,1626245,Cristiano Felicio,86.0
2309,201960,DeMarre Carroll,85.0
2310,201960,DeMarre Carroll,85.0
2311,201960,DeMarre Carroll,85.0
2312,201960,DeMarre Carroll,85.0
2313,201960,DeMarre Carroll,85.0
2314,201960,DeMarre Carroll,85.0
2315,201960,DeMarre Carroll,85.0
2316,201960,DeMarre Carroll,85.0
2317,201960,DeMarre Carroll,85.0
2318,201960,DeMarre Carroll,85.0
2319,201960,DeMarre Carroll,85.0
2320,201960,DeMarre Carroll,85.0
2321,201960,DeMarre Carroll,85.0
2322,1629610,DaQuan Jeffries,83.0
2323,1629610,DaQuan Jeffries,83.0
2324,201587,Nicolas Batum,79.0
2325,201587,Nicolas Batum,79.0
2326,201587,Nicolas Batum,79.0
2327,201587,Nicolas Batum,79.0
2328,201587,Nicolas Batum,79.0
2329,201587,Nicolas Batum,79.0
2330,201587,Nicolas Batum,79.0
2331,201587,Nicolas Batum,79.0
2332,201587,Nicolas Batum,79.0
2333,201587,Nicolas Batum,79.0
2334,201587,Nicolas Batum,79.0
2335,202329,Al-Farouq Aminu,78.0
2336,202329,Al-Farouq Aminu,78.0
2337,202329,Al-Farouq Aminu,78.0
2338,202329,Al-Farouq Aminu,78.0
2339,202329,Al-Farouq Aminu,78.0
2340,202329,Al-Farouq Aminu,78.0
2341,202329,Al-Farouq Aminu,78.0
2342,202329,Al-Farouq Aminu,78.0
2343,202329,Al-Farouq Aminu,78.0
2344,202329,Al-Farouq Aminu,78.0
2345,1628539,Mychal Mulder,77.0
2346,1629725,Jeremiah Martin,75.0
2347,1628412,Frank Mason,74.0
2348,1628412,Frank Mason,74.0
2349,1628412,Frank Mason,74.0
2350,1629626,Bol Bol,73.0
2351,1629151,Ryan Broekhoff,71.0
2352,1629151,Ryan Broekhoff,71.0
2353,1629730,Rayjon Tucker,71.0
2354,1629308,Juan Toscano-Anderson,69.0
2355,201162,Jared Dudley,68.0
2356,201162,Jared Dudley,68.0
2357,201162,Jared Dudley,68.0
2358,201162,Jared Dudley,68.0
2359,201162,Jared Dudley,68.0
2360,201162,Jared Dudley,68.0
2361,201162,Jared Dudley,68.0
2362,201162,Jared Dudley,68.0
2363,201162,Jared Dudley,68.0
2364,201162,Jared Dudley,68.0
2365,201162,Jared Dudley,68.0
2366,1626172,Kevon Looney,68.0
2367,1626172,Kevon Looney,68.0
2368,1626172,Kevon Looney,68.0
2369,1626172,Kevon Looney,68.0
2370,1626172,Kevon Looney,68.0
2371,1629651,Nicolas Claxton,66.0
2372,203658,Norvel Pelle,66.0
2373,203658,Norvel Pelle,66.0
2374,1628403,Caleb Swanigan,65.0
2375,1628403,Caleb Swanigan,65.0
2376,1628403,Caleb Swanigan,65.0
2377,1628403,Caleb Swanigan,65.0
2378,101139,CJ Miles,64.0
2379,101139,CJ Miles,64.0
2380,101139,CJ Miles,64.0
2381,101139,CJ Miles,64.0
2382,101139,CJ Miles,64.0
2383,101139,CJ Miles,64.0
2384,101139,CJ Miles,64.0
2385,101139,CJ Miles,64.0
2386,101139,CJ Miles,64.0
2387,101139,CJ Miles,64.0
2388,101139,CJ Miles,64.0
2389,101139,CJ Miles,64.0
2390,202323,Evan Turner,62.0
2391,202323,Evan Turner,62.0
2392,202323,Evan Turner,62.0
2393,202323,Evan Turner,62.0
2394,202323,Evan Turner,62.0
2395,202323,Evan Turner,62.0
2396,202323,Evan Turner,62.0
2397,202323,Evan Turner,62.0
2398,202323,Evan Turner,62.0
2399,202323,Evan Turner,62.0
2400,202323,Evan Turner,62.0
2401,1629002,Chimezie Metu,60.0
2402,1629002,Chimezie Metu,60.0
2403,203077,Michael Kidd-Gilchrist,60.0
2404,203077,Michael Kidd-Gilchrist,60.0
2405,203077,Michael Kidd-Gilchrist,60.0
2406,203077,Michael Kidd-Gilchrist,60.0
2407,203077,Michael Kidd-Gilchrist,60.0
2408,203077,Michael Kidd-Gilchrist,60.0
2409,203077,Michael Kidd-Gilchrist,60.0
2410,203077,Michael Kidd-Gilchrist,60.0
2411,1629682,Tremont Waters,59.0
2412,1629599,Amir Coffey,59.0
2413,1629346,Alen Smailagic,59.0
2414,1629669,Jaylen Nowell,57.0
2415,1629658,Jaylen Hoard,55.0
2416,203648,Thanasis Antetokounmpo,55.0
2417,203648,Thanasis Antetokounmpo,55.0
2418,202697,Iman Shumpert,54.0
2419,202697,Iman Shumpert,54.0
2420,202697,Iman Shumpert,54.0
2421,202697,Iman Shumpert,54.0
2422,202697,Iman Shumpert,54.0
2423,202697,Iman Shumpert,54.0
2424,202697,Iman Shumpert,54.0
2425,202697,Iman Shumpert,54.0
2426,202697,Iman Shumpert,54.0
2427,202697,Iman Shumpert,54.0
2428,202697,Iman Shumpert,54.0
2429,202697,Iman Shumpert,54.0
2430,1629723,John Konchar,54.0
2431,1628476,Derrick Walton Jr.,53.0
2432,1628476,Derrick Walton Jr.,53.0
2433,1628476,Derrick Walton Jr.,53.0
2434,202334,Ed Davis,53.0
2435,202334,Ed Davis,53.0
2436,202334,Ed Davis,53.0
2437,202334,Ed Davis,53.0
2438,202334,Ed Davis,53.0
2439,202334,Ed Davis,53.0
2440,202334,Ed Davis,53.0
2441,202334,Ed Davis,53.0
2442,202334,Ed Davis,53.0
2443,202334,Ed Davis,53.0
2444,202334,Ed Davis,53.0
2445,1628443,Kadeem Allen,50.0
2446,1628443,Kadeem Allen,50.0
2447,1628443,Kadeem Allen,50.0
2448,1629140,Johnathan Williams,50.0
2449,1628982,Melvin Frazier Jr.,49.0
2450,1628982,Melvin Frazier Jr.,49.0
2451,2747,JR Smith,49.0
2452,2747,JR Smith,49.0
2453,2747,JR Smith,49.0
2454,2747,JR Smith,49.0
2455,2747,JR Smith,49.0
2456,2747,JR Smith,49.0
2457,2747,JR Smith,49.0
2458,2747,JR Smith,49.0
2459,2747,JR Smith,49.0
2460,2747,JR Smith,49.0
2461,2747,JR Smith,49.0
2462,1629168,BJ Johnson,46.0
2463,1629168,BJ Johnson,46.0
2464,1629168,BJ Johnson,46.0
2465,1629738,Vincent Poirier,46.0
2466,1629671,Miye Oni,45.0
2467,1626169,Stanley Johnson,42.0
2468,1626169,Stanley Johnson,42.0
2469,1626169,Stanley Johnson,42.0
2470,1626169,Stanley Johnson,42.0
2471,1626169,Stanley Johnson,42.0
2472,1626169,Stanley Johnson,42.0
2473,1629662,Mfiondu Kabengele,42.0
2474,1629752,Juwan Morgan,41.0
2475,1629659,Talen Horton-Tucker,41.0
2476,1627820,Tyrone Wallace,40.0
2477,1627820,Tyrone Wallace,40.0
2478,1627820,Tyrone Wallace,40.0
2479,1627820,Tyrone Wallace,40.0
2480,1629076,Tyler Cook,40.0
2481,1629076,Tyler Cook,40.0
2482,1626147,Justin Anderson,40.0
2483,1626147,Justin Anderson,40.0
2484,1626147,Justin Anderson,40.0
2485,1626147,Justin Anderson,40.0
2486,1626147,Justin Anderson,40.0
2487,1626147,Justin Anderson,40.0
2488,1629743,Donta Hall,39.0
2489,202498,Lance Thomas,37.0
2490,202498,Lance Thomas,37.0
2491,202498,Lance Thomas,37.0
2492,202498,Lance Thomas,37.0
2493,202498,Lance Thomas,37.0
2494,202498,Lance Thomas,37.0
2495,202498,Lance Thomas,37.0
2496,202498,Lance Thomas,37.0
2497,202498,Lance Thomas,37.0
2498,202498,Lance Thomas,37.0
2499,1626170,Jerian Grant,37.0
2500,1626170,Jerian Grant,37.0
2501,1626170,Jerian Grant,37.0
2502,1626170,Jerian Grant,37.0
2503,1629052,Oshae Brissett,37.0
2504,1629139,Yuta Watanabe,36.0
2505,1629139,Yuta Watanabe,36.0
2506,203460,Andre Roberson,35.0
2507,203460,Andre Roberson,35.0
2508,203460,Andre Roberson,35.0
2509,203460,Andre Roberson,35.0
2510,203460,Andre Roberson,35.0
2511,203460,Andre Roberson,35.0
2512,203460,Andre Roberson,35.0
2513,1628499,Antonius Cleveland,35.0
2514,1628499,Antonius Cleveland,35.0
2515,1628499,Antonius Cleveland,35.0
2516,1628499,Antonius Cleveland,35.0
2517,1628499,Antonius Cleveland,35.0
2518,2199,Tyson Chandler,34.0
2519,2199,Tyson Chandler,34.0
2520,2199,Tyson Chandler,34.0
2521,2199,Tyson Chandler,34.0
2522,2199,Tyson Chandler,34.0
2523,2199,Tyson Chandler,34.0
2524,2199,Tyson Chandler,34.0
2525,2199,Tyson Chandler,34.0
2526,2199,Tyson Chandler,34.0
2527,2199,Tyson Chandler,34.0
2528,2199,Tyson Chandler,34.0
2529,2199,Tyson Chandler,34.0
2530,1628414,Sindarius Thornwell,33.0
2531,1628414,Sindarius Thornwell,33.0
2532,1628414,Sindarius Thornwell,33.0
2533,1629690,Adam Mokoka,32.0
2534,1626187,Michael Frazier,31.0
2535,1626187,Michael Frazier,31.0
2536,1626187,Michael Frazier,31.0
2537,1629625,Justin Wright-Foreman,30.0
2538,1629714,Jarrell Brantley,30.0
2539,1626259,Malcolm Miller,30.0
2540,1626259,Malcolm Miller,30.0
2541,1626259,Malcolm Miller,30.0
2542,1626259,Malcolm Miller,30.0
2543,1629605,Tacko Fall,29.0
2544,1628405,Johnathan Motley,28.0
2545,1628405,Johnathan Motley,28.0
2546,1628405,Johnathan Motley,28.0
2547,1628993,Alize Johnson,27.0
2548,1628993,Alize Johnson,27.0
2549,1629597,Zylan Cheatham,27.0
2550,202951,Jeremy Pargo,25.0
2551,202951,Jeremy Pargo,25.0
2552,202951,Jeremy Pargo,25.0
2553,1627784,Jarrod Uthoff,24.0
2554,1627784,Jarrod Uthoff,24.0
2555,1627784,Jarrod Uthoff,24.0
2556,1627784,Jarrod Uthoff,24.0
2557,201147,Corey Brewer,23.0
2558,201147,Corey Brewer,23.0
2559,201147,Corey Brewer,23.0
2560,201147,Corey Brewer,23.0
2561,201147,Corey Brewer,23.0
2562,201147,Corey Brewer,23.0
2563,201147,Corey Brewer,23.0
2564,201147,Corey Brewer,23.0
2565,201147,Corey Brewer,23.0
2566,201147,Corey Brewer,23.0
2567,201147,Corey Brewer,23.0
2568,201147,Corey Brewer,23.0
2569,201147,Corey Brewer,23.0
2570,201147,Corey Brewer,23.0
2571,201147,Corey Brewer,23.0
2572,201147,Corey Brewer,23.0
2573,1628430,Nigel Williams-Goss,21.0
2574,1628961,Kostas Antetokounmpo,21.0
2575,1628961,Kostas Antetokounmpo,21.0
2576,1629724,Vic Law,20.0
2577,1629731,Dean Wade,20.0
2578,1629729,Josh Reaves,20.0
2579,1629718,Charles Brown Jr.,20.0
2580,1629719,Devontae Cacok,20.0
2581,1629663,Louis King,20.0
2582,1628513,Naz Mitrou-Long,19.0
2583,1628513,Naz Mitrou-Long,19.0
2584,1628513,Naz Mitrou-Long,19.0
2585,201149,Joakim Noah,18.0
2586,201149,Joakim Noah,18.0
2587,201149,Joakim Noah,18.0
2588,201149,Joakim Noah,18.0
2589,201149,Joakim Noah,18.0
2590,201149,Joakim Noah,18.0
2591,201149,Joakim Noah,18.0
2592,201149,Joakim Noah,18.0
2593,201149,Joakim Noah,18.0
2594,201149,Joakim Noah,18.0
2595,201149,Joakim Noah,18.0
2596,1628427,Vlatko Cancar,17.0
2597,1629017,Khyri Thomas,17.0
2598,1629017,Khyri Thomas,17.0
2599,1629649,Ignas Brazdeikis,17.0
2600,1629677,Luka Samanic,16.0
2601,1628985,Devon Hall,16.0
2602,1629657,Kyle Guy,15.0
2603,1628518,Amile Jefferson,15.0
2604,1628518,Amile Jefferson,15.0
2605,1628518,Amile Jefferson,15.0
2606,1629121,Jaylen Adams,14.0
2607,1629121,Jaylen Adams,14.0
2608,1629683,Quinndary Weatherspoon,14.0
2609,202718,Chandler Parsons,14.0
2610,202718,Chandler Parsons,14.0
2611,202718,Chandler Parsons,14.0
2612,202718,Chandler Parsons,14.0
2613,202718,Chandler Parsons,14.0
2614,202718,Chandler Parsons,14.0
2615,202718,Chandler Parsons,14.0
2616,202718,Chandler Parsons,14.0
2617,202718,Chandler Parsons,14.0
2618,1629620,Justin Robinson,13.0
2619,203705,Josh Magette,12.0
2620,203705,Josh Magette,12.0
2621,203705,Josh Magette,12.0
2622,1629020,Jarred Vanderbilt,12.0
2623,1629020,Jarred Vanderbilt,12.0
2624,1629648,Jordan Bone,12.0
2625,1628605,Dusty Hannahs,12.0
2626,1628605,Dusty Hannahs,12.0
2627,1629650,Moses Brown,11.0
2628,1629608,Dewan Hernandez,10.0
2629,1628413,Jonah Bolden,10.0
2630,1628413,Jonah Bolden,10.0
2631,1629665,Jalen Lecque,10.0
2632,1629668,Zach Norvell Jr.,10.0
2633,1629621,Marial Shayok,9.0
2634,1629044,Shamorie Ponds,9.0
2635,1629044,Shamorie Ponds,9.0
2636,1628383,Justin Patton,9.0
2637,1628383,Justin Patton,9.0
2638,1628383,Justin Patton,9.0
2639,1628383,Justin Patton,9.0
2640,1629015,Zhaire Smith,8.0
2641,1629015,Zhaire Smith,8.0
2642,1629644,KZ Okpala,7.0
2643,1628450,Eric Mika,6.0
2644,1626184,Chasson Randle,5.0
2645,1626184,Chasson Randle,5.0
2646,1626184,Chasson Randle,5.0
2647,1629622,Max Strus,5.0
2648,1629622,Max Strus,5.0
2649,201583,Ryan Anderson,5.0
2650,201583,Ryan Anderson,5.0
2651,201583,Ryan Anderson,5.0
2652,201583,Ryan Anderson,5.0
2653,201583,Ryan Anderson,5.0
2654,201583,Ryan Anderson,5.0
2655,201583,Ryan Anderson,5.0
2656,201583,Ryan Anderson,5.0
2657,201583,Ryan Anderson,5.0
2658,201583,Ryan Anderson,5.0
2659,201583,Ryan Anderson,5.0
2660,201583,Ryan Anderson,5.0
2661,2037,Jamal Crawford,5.0
2662,2037,Jamal Crawford,5.0
2663,2037,Jamal Crawford,5.0
2664,2037,Jamal Crawford,5.0
2665,2037,Jamal Crawford,5.0
2666,2037,Jamal Crawford,5.0
2667,2037,Jamal Crawford,5.0
2668,2037,Jamal Crawford,5.0
2669,2037,Jamal Crawford,5.0
2670,2037,Jamal Crawford,5.0
2671,2617,Udonis Haslem,5.0
2672,2617,Udonis Haslem,5.0
2673,2617,Udonis Haslem,5.0
2674,2617,Udonis Haslem,5.0
2675,2617,Udonis Haslem,5.0
2676,2617,Udonis Haslem,5.0
2677,2617,Udonis Haslem,5.0
2678,2617,Udonis Haslem,5.0
2679,2617,Udonis Haslem,5.0
2680,2617,Udonis Haslem,5.0
2681,2617,Udonis Haslem,5.0
2682,1629745,Tariq Owens,4.0
2683,1628968,Brian Bowen II,4.0
2684,1629133,Daryl Macon,3.0
2685,1629133,Daryl Macon,3.0
2686,201601,Luc Mbah a Moute,2.0
2687,201601,Luc Mbah a Moute,2.0
2688,201601,Luc Mbah a Moute,2.0
2689,201601,Luc Mbah a Moute,2.0
2690,201601,Luc Mbah a Moute,2.0
2691,201601,Luc Mbah a Moute,2.0
2692,201601,Luc Mbah a Moute,2.0
2693,201601,Luc Mbah a Moute,2.0
2694,201601,Luc Mbah a Moute,2.0
2695,201601,Luc Mbah a Moute,2.0
2696,201601,Luc Mbah a Moute,2.0
2697,1629005,Malik Newman,2.0
2698,1627982,Josh Gray,2.0
2699,1627982,Josh Gray,2.0
2700,1629147,Joe Chealey,2.0
2701,1629147,Joe Chealey,2.0
2702,1627740,Henry Ellenson,2.0
2703,1627740,Henry Ellenson,2.0
2704,1627740,Henry Ellenson,2.0
2705,1627740,Henry Ellenson,2.0
2706,1627740,Henry Ellenson,2.0
2707,1629607,Jared Harper,2.0
2708,203092,Tyler Zeller,2.0
2709,203092,Tyler Zeller,2.0
2710,203092,Tyler Zeller,2.0
2711,203092,Tyler Zeller,2.0
2712,203092,Tyler Zeller,2.0
2713,203092,Tyler Zeller,2.0
2714,203092,Tyler Zeller,2.0
2715,203092,Tyler Zeller,2.0
2716,203092,Tyler Zeller,2.0
2717,203092,Tyler Zeller,2.0
2718,203092,Tyler Zeller,2.0
2719,1629122,J.P. Macura,0.0
2720,1629122,J.P. Macura,0.0
2721,1629734,Kyle Alexander,0.0
2722,1626260,Levi Randolph,0.0
2723,1626260,Levi Randolph,0.0
2724,203121,Darius Miller,0.0
2725,203121,Darius Miller,0.0
2726,203121,Darius Miller,0.0
2727,203121,Darius Miller,0.0
2728,203121,Darius Miller,0.0
2729,203121,Darius Miller,0.0
2730,1629739,William Howard,0.0
2731,1629676,Isaiah Roby,0.0
2732,1629742,Stanton Kidd,0.0
2733,2200,Pau Gasol,0.0
2734,2200,Pau Gasol,0.0
2735,2200,Pau Gasol,0.0
2736,2200,Pau Gasol,0.0
2737,2200,Pau Gasol,0.0
2738,2200,Pau Gasol,0.0
2739,2200,Pau Gasol,0.0
2740,2200,Pau Gasol,0.0
2741,2200,Pau Gasol,0.0
2742,2200,Pau Gasol,0.0
2743,2200,Pau Gasol,0.0
2744,2200,Pau Gasol,0.0
2745,1629685,Dylan Windler,0.0
2746,1629716,Marques Bolden,0.0
2747,1627815,Sheldon Mac,0.0
2748,1627815,Sheldon Mac,0.0
2749,202326,DeMarcus Cousins,0.0
2750,202326,DeMarcus Cousins,0.0
2751,202326,DeMarcus Cousins,0.0
2752,202326,DeMarcus Cousins,0.0
2753,202326,DeMarcus Cousins,0.0
2754,202326,DeMarcus Cousins,0.0
2755,202326,DeMarcus Cousins,0.0
2756,202326,DeMarcus Cousins,0.0
2757,202326,DeMarcus Cousins,0.0
2758,202326,DeMarcus Cousins,0.0
2759,202326,DeMarcus Cousins,0.0
